Workbook

Sheet Quotazioni calciatori
A1: CognomeSquadra | B1: CognomeNomeSquadra | C1: Codice | D1: Cognome | E1: Nome | F1: Squadra | G1: Ruolo | H1: Giornata | I1: Quotazione | J1: Cerca | K1: Trova | L1: IdCerca | M1: IdRicerca | N1: ID LEGHE | O1: FVM | P1: update
A2: =CONCATENATE(D2,F2) -> BellanovaAtalanta | B2: =CONCATENATE(D2," ",E2,F2) -> Bellanova R.Atalanta | C2: 1065433 | D2: Bellanova | E2: R. | F2: Atalanta | G2: D | H2: 6 | I2: 12 | J2: =VLOOKUP(A2,'Leghe Fantacalcio'!A:I,1,FALSE) -> BellanovaAtalanta | K2: =VLOOKUP(B2,'Leghe Fantacalcio'!A:I,1,FALSE) -> #N/A | L2: =IF(ISNA(VLOOKUP(A2,'Leghe Fantacalcio'!A:I,2,FALSE)),"",VLOOKUP(A2,'Leghe Fantacalcio'!A:I,2,FALSE)) -> 4887 | M2: =IF(ISNA(VLOOKUP(B2,'Leghe Fantacalcio'!A:I,2,FALSE)),"",VLOOKUP(B2,'Leghe Fantacalcio'!A:I,2,FALSE)) | N2: =IFERROR(VALUE(CONCATENATE(L2,M2)),"") -> 4887 | O2: =IFERROR(VLOOKUP(N2,'Leghe Fantacalcio'!B:I,8,FALSE),0) -> 16 | P2: =CONCATENATE("update giocatori set fvm = ",O2," where id = ",C2,";") -> update giocatori set fvm = 16 where id = 1065433;
A3: =CONCATENATE(D3,F3) -> BernasconiAtalanta | B3: =CONCATENATE(D3," ",E3,F3) -> Bernasconi L.Atalanta | C3: 1102450 | D3: Bernasconi | E3: L. | F3: Atalanta | G3: D | H3: 6 | I3: 11 | J3: =VLOOKUP(A3,'Leghe Fantacalcio'!A:I,1,FALSE) -> BernasconiAtalanta | K3: =VLOOKUP(B3,'Leghe Fantacalcio'!A:I,1,FALSE) -> #N/A | L3: =IF(ISNA(VLOOKUP(A3,'Leghe Fantacalcio'!A:I,2,FALSE)),"",VLOOKUP(A3,'Leghe Fantacalcio'!A:I,2,FALSE)) -> 7219 | M3: =IF(ISNA(VLOOKUP(B3,'Leghe Fantacalcio'!A:I,2,FALSE)),"",VLOOKUP(B3,'Leghe Fantacalcio'!A:I,2,FALSE)) | N3: =IFERROR(VALUE(CONCATENATE(L3,M3)),"") -> 7219 | O3: =IFERROR(VLOOKUP(N3,'Leghe Fantacalcio'!B:I,8,FALSE),0) -> 14 | P3: =CONCATENATE("update giocatori set fvm = ",O3," where id = ",C3,";") -> update giocatori set fvm = 14 where id = 1102450;
A4: =CONCATENATE(D4,F4) -> CarnesecchiAtalanta | B4: =CONCATENATE(D4," ",E4,F4) -> Carnesecchi M.Atalanta | C4: 1070334 | D4: Carnesecchi | E4: M. | F4: Atalanta | G4: P | H4: 6 | I4: 20 | J4: =VLOOKUP(A4,'Leghe Fantacalcio'!A:I,1,FALSE) -> CarnesecchiAtalanta | K4: =VLOOKUP(B4,'Leghe Fantacalcio'!A:I,1,FALSE) -> #N/A | L4: =IF(ISNA(VLOOKUP(A4,'Leghe Fantacalcio'!A:I,2,FALSE)),"",VLOOKUP(A4,'Leghe Fantacalcio'!A:I,2,FALSE)) -> 4431 | M4: =IF(ISNA(VLOOKUP(B4,'Leghe Fantacalcio'!A:I,2,FALSE)),"",VLOOKUP(B4,'Leghe Fantacalcio'!A:I,2,FALSE)) | N4: =IFERROR(VALUE(CONCATENATE(L4,M4)),"") -> 4431 | O4: =IFERROR(VLOOKUP(N4,'Leghe Fantacalcio'!B:I,8,FALSE),0) -> 56 | P4: =CONCATENATE("update giocatori set fvm = ",O4," where id = ",C4,";") -> update giocatori set fvm = 56 where id = 1070334;
A5: =CONCATENATE(D5,F5) -> De KetelaereAtalanta | B5: =CONCATENATE(D5," ",E5,F5) -> De Ketelaere C.Atalanta | C5: 1095519 | D5: De Ketelaere | E5: C. | F5: Atalanta | G5: A | H5: 6 | I5: 33 | J5: =VLOOKUP(A5,'Leghe Fantacalcio'!A:I,1,FALSE) -> De KetelaereAtalanta | K5: =VLOOKUP(B5,'Leghe Fantacalcio'!A:I,1,FALSE) -> #N/A | L5: =IF(ISNA(VLOOKUP(A5,'Leghe Fantacalcio'!A:I,2,FALSE)),"",VLOOKUP(A5,'Leghe Fantacalcio'!A:I,2,FALSE)) -> 5995 | M5: =IF(ISNA(VLOOKUP(B5,'Leghe Fantacalcio'!A:I,2,FALSE)),"",VLOOKUP(B5,'Leghe Fantacalcio'!A:I,2,FALSE)) | N5: =IFERROR(VALUE(CONCATENATE(L5,M5)),"") -> 5995 | O5: =IFERROR(VLOOKUP(N5,'Leghe Fantacalcio'!B:I,8,FALSE),0) -> 64 | P5: =CONCATENATE("update giocatori set fvm = ",O5," where id = ",C5,";") -> update giocatori set fvm = 64 where id = 1095519;
A6: =CONCATENATE(D6,F6) -> Ederson D.S.Atalanta | B6: =CONCATENATE(D6," ",E6,F6) -> Ederson D.S. Atalanta | C6: 1112712 | D6: Ederson D.S. | F6: Atalanta | G6: C | H6: 6 | I6: 31 | J6: =VLOOKUP(A6,'Leghe Fantacalcio'!A:I,1,FALSE) -> Ederson D.S.Atalanta | K6: =VLOOKUP(B6,'Leghe Fantacalcio'!A:I,1,FALSE) -> #N/A | L6: =IF(ISNA(VLOOKUP(A6,'Leghe Fantacalcio'!A:I,2,FALSE)),"",VLOOKUP(A6,'Leghe Fantacalcio'!A:I,2,FALSE)) -> 5792 | M6: =IF(ISNA(VLOOKUP(B6,'Leghe Fantacalcio'!A:I,2,FALSE)),"",VLOOKUP(B6,'Leghe Fantacalcio'!A:I,2,FALSE)) | N6: =IFERROR(VALUE(CONCATENATE(L6,M6)),"") -> 5792 | O6: =IFERROR(VLOOKUP(N6,'Leghe Fantacalcio'!B:I,8,FALSE),0) -> 45 | P6: =CONCATENATE("update giocatori set fvm = ",O6," where id = ",C6,";") -> update giocatori set fvm = 45 where id = 1112712;
A7: =CONCATENATE(D7,F7) -> ElmasAtalanta | B7: =CONCATENATE(D7," ",E7,F7) -> Elmas E.Atalanta | C7: 1053662 | D7: Elmas | E7: E. | F7: Atalanta | G7: C | H7: 6 | I7: 24 | J7: =VLOOKUP(A7,'Leghe Fantacalcio'!A:I,1,FALSE) -> ElmasAtalanta | K7: =VLOOKUP(B7,'Leghe Fantacalcio'!A:I,1,FALSE) -> #N/A | L7: =IF(ISNA(VLOOKUP(A7,'Leghe Fantacalcio'!A:I,2,FALSE)),"",VLOOKUP(A7,'Leghe Fantacalcio'!A:I,2,FALSE)) -> 4479 | M7: =IF(ISNA(VLOOKUP(B7,'Leghe Fantacalcio'!A:I,2,FALSE)),"",VLOOKUP(B7,'Leghe Fantacalcio'!A:I,2,FALSE)) | N7: =IFERROR(VALUE(CONCATENATE(L7,M7)),"") -> 4479 | O7: =IFERROR(VLOOKUP(N7,'Leghe Fantacalcio'!B:I,8,FALSE),0) -> 17 | P7: =CONCATENATE("update giocatori set fvm = ",O7," where id = ",C7,";") -> update giocatori set fvm = 17 where id = 1053662;
A8: =CONCATENATE(D8,F8) -> GaetanoAtalanta | B8: =CONCATENATE(D8," ",E8,F8) -> Gaetano G.Atalanta | C8: 1067792 | D8: Gaetano | E8: G. | F8: Atalanta | G8: C | H8: 6 | I8: 15 | J8: =VLOOKUP(A8,'Leghe Fantacalcio'!A:I,1,FALSE) -> GaetanoAtalanta | K8: =VLOOKUP(B8,'Leghe Fantacalcio'!A:I,1,FALSE) -> #N/A | L8: =IF(ISNA(VLOOKUP(A8,'Leghe Fantacalcio'!A:I,2,FALSE)),"",VLOOKUP(A8,'Leghe Fantacalcio'!A:I,2,FALSE)) -> 4364 | M8: =IF(ISNA(VLOOKUP(B8,'Leghe Fantacalcio'!A:I,2,FALSE)),"",VLOOKUP(B8,'Leghe Fantacalcio'!A:I,2,FALSE)) | N8: =IFERROR(VALUE(CONCATENATE(L8,M8)),"") -> 4364 | O8: =IFERROR(VLOOKUP(N8,'Leghe Fantacalcio'!B:I,8,FALSE),0) -> 23 | P8: =CONCATENATE("update giocatori set fvm = ",O8," where id = ",C8,";") -> update giocatori set fvm = 23 where id = 1067792;
A9: =CONCATENATE(D9,F9) -> HienAtalanta | B9: =CONCATENATE(D9," ",E9,F9) -> Hien I.Atalanta | C9: 1106221 | D9: Hien | E9: I. | F9: Atalanta | G9: D | H9: 6 | I9: 10 | J9: =VLOOKUP(A9,'Leghe Fantacalcio'!A:I,1,FALSE) -> HienAtalanta | K9: =VLOOKUP(B9,'Leghe Fantacalcio'!A:I,1,FALSE) -> #N/A | L9: =IF(ISNA(VLOOKUP(A9,'Leghe Fantacalcio'!A:I,2,FALSE)),"",VLOOKUP(A9,'Leghe Fantacalcio'!A:I,2,FALSE)) -> 6046 | M9: =IF(ISNA(VLOOKUP(B9,'Leghe Fantacalcio'!A:I,2,FALSE)),"",VLOOKUP(B9,'Leghe Fantacalcio'!A:I,2,FALSE)) | N9: =IFERROR(VALUE(CONCATENATE(L9,M9)),"") -> 6046 | O9: =IFERROR(VLOOKUP(N9,'Leghe Fantacalcio'!B:I,8,FALSE),0) -> 10 | P9: =CONCATENATE("update giocatori set fvm = ",O9," where id = ",C9,";") -> update giocatori set fvm = 10 where id = 1106221;
A10: =CONCATENATE(D10,F10) -> KessièAtalanta | B10: =CONCATENATE(D10," ",E10,F10) -> Kessiè F.Atalanta | C10: 1050707 | D10: Kessiè | E10: F. | F10: Atalanta | G10: C | H10: 6 | I10: 30 | J10: =VLOOKUP(A10,'Leghe Fantacalcio'!A:I,1,FALSE) -> KessièAtalanta | K10: =VLOOKUP(B10,'Leghe Fantacalcio'!A:I,1,FALSE) -> #N/A | L10: =IF(ISNA(VLOOKUP(A10,'Leghe Fantacalcio'!A:I,2,FALSE)),"",VLOOKUP(A10,'Leghe Fantacalcio'!A:I,2,FALSE)) -> 1850 | M10: =IF(ISNA(VLOOKUP(B10,'Leghe Fantacalcio'!A:I,2,FALSE)),"",VLOOKUP(B10,'Leghe Fantacalcio'!A:I,2,FALSE)) | N10: =IFERROR(VALUE(CONCATENATE(L10,M10)),"") -> 1850 | O10: =IFERROR(VLOOKUP(N10,'Leghe Fantacalcio'!B:I,8,FALSE),0) -> 33 | P10: =CONCATENATE("update giocatori set fvm = ",O10," where id = ",C10,";") -> update giocatori set fvm = 33 where id = 1050707;
A11: =CONCATENATE(D11,F11) -> KolasinacAtalanta | B11: =CONCATENATE(D11," ",E11,F11) -> Kolasinac S.Atalanta | C11: 1017350 | D11: Kolasinac | E11: S. | F11: Atalanta | G11: D | H11: 6 | I11: 6 | J11: =VLOOKUP(A11,'Leghe Fantacalcio'!A:I,1,FALSE) -> KolasinacAtalanta | K11: =VLOOKUP(B11,'Leghe Fantacalcio'!A:I,1,FALSE) -> #N/A | L11: =IF(ISNA(VLOOKUP(A11,'Leghe Fantacalcio'!A:I,2,FALSE)),"",VLOOKUP(A11,'Leghe Fantacalcio'!A:I,2,FALSE)) -> 2640 | M11: =IF(ISNA(VLOOKUP(B11,'Leghe Fantacalcio'!A:I,2,FALSE)),"",VLOOKUP(B11,'Leghe Fantacalcio'!A:I,2,FALSE)) | N11: =IFERROR(VALUE(CONCATENATE(L11,M11)),"") -> 2640 | O11: =IFERROR(VLOOKUP(N11,'Leghe Fantacalcio'!B:I,8,FALSE),0) -> 11 | P11: =CONCATENATE("update giocatori set fvm = ",O11," where id = ",C11,";") -> update giocatori set fvm = 11 where id = 1017350;
A12: =CONCATENATE(D12,F12) -> KossounouAtalanta | B12: =CONCATENATE(D12," ",E12,F12) -> Kossounou O.Atalanta | C12: 1095516 | D12: Kossounou | E12: O. | F12: Atalanta | G12: D | H12: 6 | I12: 9 | J12: =VLOOKUP(A12,'Leghe Fantacalcio'!A:I,1,FALSE) -> KossounouAtalanta | K12: =VLOOKUP(B12,'Leghe Fantacalcio'!A:I,1,FALSE) -> #N/A | L12: =IF(ISNA(VLOOKUP(A12,'Leghe Fantacalcio'!A:I,2,FALSE)),"",VLOOKUP(A12,'Leghe Fantacalcio'!A:I,2,FALSE)) -> 5578 | M12: =IF(ISNA(VLOOKUP(B12,'Leghe Fantacalcio'!A:I,2,FALSE)),"",VLOOKUP(B12,'Leghe Fantacalcio'!A:I,2,FALSE)) | N12: =IFERROR(VALUE(CONCATENATE(L12,M12)),"") -> 5578 | O12: =IFERROR(VLOOKUP(N12,'Leghe Fantacalcio'!B:I,8,FALSE),0) -> 12 | P12: =CONCATENATE("update giocatori set fvm = ",O12," where id = ",C12,";") -> update giocatori set fvm = 12 where id = 1095516;
A13: =CONCATENATE(D13,F13) -> KristensenAtalanta | B13: =CONCATENATE(D13," ",E13,F13) -> Kristensen T.Atalanta | C13: 1102383 | D13: Kristensen | E13: T. | F13: Atalanta | G13: D | H13: 6 | I13: 8 | J13: =VLOOKUP(A13,'Leghe Fantacalcio'!A:I,1,FALSE) -> #N/A | K13: =VLOOKUP(B13,'Leghe Fantacalcio'!A:I,1,FALSE) -> Kristensen T.Atalanta | L13: =IF(ISNA(VLOOKUP(A13,'Leghe Fantacalcio'!A:I,2,FALSE)),"",VLOOKUP(A13,'Leghe Fantacalcio'!A:I,2,FALSE)) | M13: =IF(ISNA(VLOOKUP(B13,'Leghe Fantacalcio'!A:I,2,FALSE)),"",VLOOKUP(B13,'Leghe Fantacalcio'!A:I,2,FALSE)) -> 6485 | N13: =IFERROR(VALUE(CONCATENATE(L13,M13)),"") -> 6485 | O13: =IFERROR(VLOOKUP(N13,'Leghe Fantacalcio'!B:I,8,FALSE),0) -> 14 | P13: =CONCATENATE("update giocatori set fvm = ",O13," where id = ",C13,";") -> update giocatori set fvm = 14 where id = 1102383;
A14: =CONCATENATE(D14,F14) -> KrstovicAtalanta | B14: =CONCATENATE(D14," ",E14,F14) -> Krstovic N.Atalanta | C14: 1095769 | D14: Krstovic | E14: N. | F14: Atalanta | G14: A | H14: 6 | I14: 41 | J14: =VLOOKUP(A14,'Leghe Fantacalcio'!A:I,1,FALSE) -> KrstovicAtalanta | K14: =VLOOKUP(B14,'Leghe Fantacalcio'!A:I,1,FALSE) -> #N/A | L14: =IF(ISNA(VLOOKUP(A14,'Leghe Fantacalcio'!A:I,2,FALSE)),"",VLOOKUP(A14,'Leghe Fantacalcio'!A:I,2,FALSE)) -> 6435 | M14: =IF(ISNA(VLOOKUP(B14,'Leghe Fantacalcio'!A:I,2,FALSE)),"",VLOOKUP(B14,'Leghe Fantacalcio'!A:I,2,FALSE)) | N14: =IFERROR(VALUE(CONCATENATE(L14,M14)),"") -> 6435 | O14: =IFERROR(VLOOKUP(N14,'Leghe Fantacalcio'!B:I,8,FALSE),0) -> 80 | P14: =CONCATENATE("update giocatori set fvm = ",O14," where id = ",C14,";") -> update giocatori set fvm = 80 where id = 1095769;
A15: =CONCATENATE(D15,F15) -> ManzoniAtalanta | B15: =CONCATENATE(D15," ",E15,F15) -> Manzoni A.Atalanta | C15: 1118814 | D15: Manzoni | E15: A. | F15: Atalanta | G15: C | H15: 6 | I15: 1 | J15: =VLOOKUP(A15,'Leghe Fantacalcio'!A:I,1,FALSE) -> #N/A | K15: =VLOOKUP(B15,'Leghe Fantacalcio'!A:I,1,FALSE) -> #N/A | L15: =IF(ISNA(VLOOKUP(A15,'Leghe Fantacalcio'!A:I,2,FALSE)),"",VLOOKUP(A15,'Leghe Fantacalcio'!A:I,2,FALSE)) | M15: =IF(ISNA(VLOOKUP(B15,'Leghe Fantacalcio'!A:I,2,FALSE)),"",VLOOKUP(B15,'Leghe Fantacalcio'!A:I,2,FALSE)) | N15: =IFERROR(VALUE(CONCATENATE(L15,M15)),"") | O15: =IFERROR(VLOOKUP(N15,'Leghe Fantacalcio'!B:I,8,FALSE),0) -> 0 | P15: =CONCATENATE("update giocatori set fvm = ",O15," where id = ",C15,";") -> update giocatori set fvm = 0 where id = 1118814;
A16: =CONCATENATE(D16,F16) -> ObricAtalanta | B16: =CONCATENATE(D16," ",E16,F16) -> Obric R.Atalanta | C16: 1119840 | D16: Obric | E16: R. | F16: Atalanta | G16: D | H16: 6 | I16: 1 | J16: =VLOOKUP(A16,'Leghe Fantacalcio'!A:I,1,FALSE) -> #N/A | K16: =VLOOKUP(B16,'Leghe Fantacalcio'!A:I,1,FALSE) -> #N/A | L16: =IF(ISNA(VLOOKUP(A16,'Leghe Fantacalcio'!A:I,2,FALSE)),"",VLOOKUP(A16,'Leghe Fantacalcio'!A:I,2,FALSE)) | M16: =IF(ISNA(VLOOKUP(B16,'Leghe Fantacalcio'!A:I,2,FALSE)),"",VLOOKUP(B16,'Leghe Fantacalcio'!A:I,2,FALSE)) | N16: =IFERROR(VALUE(CONCATENATE(L16,M16)),"") | O16: =IFERROR(VLOOKUP(N16,'Leghe Fantacalcio'!B:I,8,FALSE),0) -> 0 | P16: =CONCATENATE("update giocatori set fvm = ",O16," where id = ",C16,";") -> update giocatori set fvm = 0 where id = 1119840;
A17: =CONCATENATE(D17,F17) -> PasalicAtalanta | B17: =CONCATENATE(D17," ",E17,F17) -> Pasalic M.Atalanta | C17: 1040264 | D17: Pasalic | E17: M. | F17: Atalanta | G17: C | H17: 6 | I17: 21 | J17: =VLOOKUP(A17,'Leghe Fantacalcio'!A:I,1,FALSE) -> PasalicAtalanta | K17: =VLOOKUP(B17,'Leghe Fantacalcio'!A:I,1,FALSE) -> #N/A | L17: =IF(ISNA(VLOOKUP(A17,'Leghe Fantacalcio'!A:I,2,FALSE)),"",VLOOKUP(A17,'Leghe Fantacalcio'!A:I,2,FALSE)) -> 2077 | M17: =IF(ISNA(VLOOKUP(B17,'Leghe Fantacalcio'!A:I,2,FALSE)),"",VLOOKUP(B17,'Leghe Fantacalcio'!A:I,2,FALSE)) | N17: =IFERROR(VALUE(CONCATENATE(L17,M17)),"") -> 2077 | O17: =IFERROR(VLOOKUP(N17,'Leghe Fantacalcio'!B:I,8,FALSE),0) -> 18 | P17: =CONCATENATE("update giocatori set fvm = ",O17," where id = ",C17,";") -> update giocatori set fvm = 18 where id = 1040264;
A18: =CONCATENATE(D18,F18) -> PompeiAtalanta | B18: =CONCATENATE(D18," ",E18,F18) -> Pompei T.Atalanta | C18: 1120636 | D18: Pompei | E18: T. | F18: Atalanta | G18: P | H18: 6 | I18: 1 | J18: =VLOOKUP(A18,'Leghe Fantacalcio'!A:I,1,FALSE) -> PompeiAtalanta | K18: =VLOOKUP(B18,'Leghe Fantacalcio'!A:I,1,FALSE) -> #N/A | L18: =IF(ISNA(VLOOKUP(A18,'Leghe Fantacalcio'!A:I,2,FALSE)),"",VLOOKUP(A18,'Leghe Fantacalcio'!A:I,2,FALSE)) -> 7626 | M18: =IF(ISNA(VLOOKUP(B18,'Leghe Fantacalcio'!A:I,2,FALSE)),"",VLOOKUP(B18,'Leghe Fantacalcio'!A:I,2,FALSE)) | N18: =IFERROR(VALUE(CONCATENATE(L18,M18)),"") -> 7626 | O18: =IFERROR(VLOOKUP(N18,'Leghe Fantacalcio'!B:I,8,FALSE),0) -> 1 | P18: =CONCATENATE("update giocatori set fvm = ",O18," where id = ",C18,";") -> update giocatori set fvm = 1 where id = 1120636;
... A42: =CONCATENATE(D42,F42) -> HolmBologna | B42: =CONCATENATE(D42," ",E42,F42) -> Holm E.Bologna | C42: 1098169 | D42: Holm | E42: E. | F42: Bologna | G42: D | H42: 6 | I42: 12 | J42: =VLOOKUP(A42,'Leghe Fantacalcio'!A:I,1,FALSE) -> HolmBologna | K42: =VLOOKUP(B42,'Leghe Fantacalcio'!A:I,1,FALSE) -> #N/A | L42: =IF(ISNA(VLOOKUP(A42,'Leghe Fantacalcio'!A:I,2,FALSE)),"",VLOOKUP(A42,'Leghe Fantacalcio'!A:I,2,FALSE)) -> 5678 | M42: =IF(ISNA(VLOOKUP(B42,'Leghe Fantacalcio'!A:I,2,FALSE)),"",VLOOKUP(B42,'Leghe Fantacalcio'!A:I,2,FALSE)) | N42: =IFERROR(VALUE(CONCATENATE(L42,M42)),"") -> 5678 | O42: =IFERROR(VLOOKUP(N42,'Leghe Fantacalcio'!B:I,8,FALSE),0) -> 11 | P42: =CONCATENATE("update giocatori set fvm = ",O42," where id = ",C42,";") -> update giocatori set fvm = 11 where id = 1098169;
A43: =CONCATENATE(D43,F43) -> Miranda J.Bologna | B43: =CONCATENATE(D43," ",E43,F43) -> Miranda J. Bologna | C43: 1066177 | D43: Miranda J. | F43: Bologna | G43: D | H43: 6 | I43: 14 | J43: =VLOOKUP(A43,'Leghe Fantacalcio'!A:I,1,FALSE) -> Miranda J.Bologna | K43: =VLOOKUP(B43,'Leghe Fantacalcio'!A:I,1,FALSE) -> #N/A | L43: =IF(ISNA(VLOOKUP(A43,'Leghe Fantacalcio'!A:I,2,FALSE)),"",VLOOKUP(A43,'Leghe Fantacalcio'!A:I,2,FALSE)) -> 4734 | M43: =IF(ISNA(VLOOKUP(B43,'Leghe Fantacalcio'!A:I,2,FALSE)),"",VLOOKUP(B43,'Leghe Fantacalcio'!A:I,2,FALSE)) | N43: =IFERROR(VALUE(CONCATENATE(L43,M43)),"") -> 4734 | O43: =IFERROR(VLOOKUP(N43,'Leghe Fantacalcio'!B:I,8,FALSE),0) -> 22 | P43: =CONCATENATE("update giocatori set fvm = ",O43," where id = ",C43,";") -> update giocatori set fvm = 22 where id = 1066177;
A44: =CONCATENATE(D44,F44) -> MbangulaBologna | B44: =CONCATENATE(D44," ",E44,F44) -> Mbangula S.Bologna | C44: 1119754 | D44: Mbangula | E44: S. | F44: Bologna | G44: C | H44: 6 | I44: 17 | J44: =VLOOKUP(A44,'Leghe Fantacalcio'!A:I,1,FALSE) -> MbangulaBologna | K44: =VLOOKUP(B44,'Leghe Fantacalcio'!A:I,1,FALSE) -> #N/A | L44: =IF(ISNA(VLOOKUP(A44,'Leghe Fantacalcio'!A:I,2,FALSE)),"",VLOOKUP(A44,'Leghe Fantacalcio'!A:I,2,FALSE)) -> 6833 | M44: =IF(ISNA(VLOOKUP(B44,'Leghe Fantacalcio'!A:I,2,FALSE)),"",VLOOKUP(B44,'Leghe Fantacalcio'!A:I,2,FALSE)) | N44: =IFERROR(VALUE(CONCATENATE(L44,M44)),"") -> 6833 | O44: =IFERROR(VLOOKUP(N44,'Leghe Fantacalcio'!B:I,8,FALSE),0) -> 16 | P44: =CONCATENATE("update giocatori set fvm = ",O44," where id = ",C44,";") -> update giocatori set fvm = 16 where id = 1119754;
A45: =CONCATENATE(D45,F45) -> MoroBologna | B45: =CONCATENATE(D45," ",E45,F45) -> Moro N.Bologna | C45: 1052254 | D45: Moro | E45: N. | F45: Bologna | G45: C | H45: 6 | I45: 17 | J45: =VLOOKUP(A45,'Leghe Fantacalcio'!A:I,1,FALSE) -> #N/A | K45: =VLOOKUP(B45,'Leghe Fantacalcio'!A:I,1,FALSE) -> Moro N.Bologna | L45: =IF(ISNA(VLOOKUP(A45,'Leghe Fantacalcio'!A:I,2,FALSE)),"",VLOOKUP(A45,'Leghe Fantacalcio'!A:I,2,FALSE)) | M45: =IF(ISNA(VLOOKUP(B45,'Leghe Fantacalcio'!A:I,2,FALSE)),"",VLOOKUP(B45,'Leghe Fantacalcio'!A:I,2,FALSE)) -> 6054 | N45: =IFERROR(VALUE(CONCATENATE(L45,M45)),"") -> 6054 | O45: =IFERROR(VLOOKUP(N45,'Leghe Fantacalcio'!B:I,8,FALSE),0) -> 14 | P45: =CONCATENATE("update giocatori set fvm = ",O45," where id = ",C45,";") -> update giocatori set fvm = 14 where id = 1052254;
A46: =CONCATENATE(D46,F46) -> OdgaardBologna | B46: =CONCATENATE(D46," ",E46,F46) -> Odgaard J.Bologna | C46: 1102014 | D46: Odgaard | E46: J. | F46: Bologna | G46: C | H46: 6 | I46: 19 | J46: =VLOOKUP(A46,'Leghe Fantacalcio'!A:I,1,FALSE) -> OdgaardBologna | K46: =VLOOKUP(B46,'Leghe Fantacalcio'!A:I,1,FALSE) -> #N/A | L46: =IF(ISNA(VLOOKUP(A46,'Leghe Fantacalcio'!A:I,2,FALSE)),"",VLOOKUP(A46,'Leghe Fantacalcio'!A:I,2,FALSE)) -> 2765 | M46: =IF(ISNA(VLOOKUP(B46,'Leghe Fantacalcio'!A:I,2,FALSE)),"",VLOOKUP(B46,'Leghe Fantacalcio'!A:I,2,FALSE)) | N46: =IFERROR(VALUE(CONCATENATE(L46,M46)),"") -> 2765 | O46: =IFERROR(VLOOKUP(N46,'Leghe Fantacalcio'!B:I,8,FALSE),0) -> 13 | P46: =CONCATENATE("update giocatori set fvm = ",O46," where id = ",C46,";") -> update giocatori set fvm = 13 where id = 1102014;
A47: =CONCATENATE(D47,F47) -> OrsoliniBologna | B47: =CONCATENATE(D47," ",E47,F47) -> Orsolini R.Bologna | C47: 1052468 | D47: Orsolini | E47: R. | F47: Bologna | G47: C | H47: 6 | I47: 34 | J47: =VLOOKUP(A47,'Leghe Fantacalcio'!A:I,1,FALSE) -> OrsoliniBologna | K47: =VLOOKUP(B47,'Leghe Fantacalcio'!A:I,1,FALSE) -> #N/A | L47: =IF(ISNA(VLOOKUP(A47,'Leghe Fantacalcio'!A:I,2,FALSE)),"",VLOOKUP(A47,'Leghe Fantacalcio'!A:I,2,FALSE)) -> 2167 | M47: =IF(ISNA(VLOOKUP(B47,'Leghe Fantacalcio'!A:I,2,FALSE)),"",VLOOKUP(B47,'Leghe Fantacalcio'!A:I,2,FALSE)) | N47: =IFERROR(VALUE(CONCATENATE(L47,M47)),"") -> 2167 | O47: =IFERROR(VLOOKUP(N47,'Leghe Fantacalcio'!B:I,8,FALSE),0) -> 138 | P47: =CONCATENATE("update giocatori set fvm = ",O47," where id = ",C47,";") -> update giocatori set fvm = 138 where id = 1052468;
A48: =CONCATENATE(D48,F48) -> PessinaBologna | B48: =CONCATENATE(D48," ",E48,F48) -> Pessina M.Bologna | C48: 1119794 | D48: Pessina | E48: M. | F48: Bologna | G48: P | H48: 6 | I48: 2 | J48: =VLOOKUP(A48,'Leghe Fantacalcio'!A:I,1,FALSE) -> #N/A | K48: =VLOOKUP(B48,'Leghe Fantacalcio'!A:I,1,FALSE) -> #N/A | L48: =IF(ISNA(VLOOKUP(A48,'Leghe Fantacalcio'!A:I,2,FALSE)),"",VLOOKUP(A48,'Leghe Fantacalcio'!A:I,2,FALSE)) | M48: =IF(ISNA(VLOOKUP(B48,'Leghe Fantacalcio'!A:I,2,FALSE)),"",VLOOKUP(B48,'Leghe Fantacalcio'!A:I,2,FALSE)) | N48: =IFERROR(VALUE(CONCATENATE(L48,M48)),"") | O48: =IFERROR(VLOOKUP(N48,'Leghe Fantacalcio'!B:I,8,FALSE),0) -> 0 | P48: =CONCATENATE("update giocatori set fvm = ",O48," where id = ",C48,";") -> update giocatori set fvm = 0 where id = 1119794;
A49: =CONCATENATE(D49,F49) -> PiccoliBologna | B49: =CONCATENATE(D49," ",E49,F49) -> Piccoli R.Bologna | C49: 1070458 | D49: Piccoli | E49: R. | F49: Bologna | G49: A | H49: 6 | I49: 24 | J49: =VLOOKUP(A49,'Leghe Fantacalcio'!A:I,1,FALSE) -> PiccoliBologna | K49: =VLOOKUP(B49,'Leghe Fantacalcio'!A:I,1,FALSE) -> #N/A | L49: =IF(ISNA(VLOOKUP(A49,'Leghe Fantacalcio'!A:I,2,FALSE)),"",VLOOKUP(A49,'Leghe Fantacalcio'!A:I,2,FALSE)) -> 4359 | M49: =IF(ISNA(VLOOKUP(B49,'Leghe Fantacalcio'!A:I,2,FALSE)),"",VLOOKUP(B49,'Leghe Fantacalcio'!A:I,2,FALSE)) | N49: =IFERROR(VALUE(CONCATENATE(L49,M49)),"") -> 4359 | O49: =IFERROR(VLOOKUP(N49,'Leghe Fantacalcio'!B:I,8,FALSE),0) -> 41 | P49: =CONCATENATE("update giocatori set fvm = ",O49," where id = ",C49,";") -> update giocatori set fvm = 41 where id = 1070458;
A50: =CONCATENATE(D50,F50) -> PobegaBologna | B50: =CONCATENATE(D50," ",E50,F50) -> Pobega T.Bologna | C50: 1060968 | D50: Pobega | E50: T. | F50: Bologna | G50: C | H50: 6 | I50: 18 | J50: =VLOOKUP(A50,'Leghe Fantacalcio'!A:I,1,FALSE) -> PobegaBologna | K50: =VLOOKUP(B50,'Leghe Fantacalcio'!A:I,1,FALSE) -> #N/A | L50: =IF(ISNA(VLOOKUP(A50,'Leghe Fantacalcio'!A:I,2,FALSE)),"",VLOOKUP(A50,'Leghe Fantacalcio'!A:I,2,FALSE)) -> 5298 | M50: =IF(ISNA(VLOOKUP(B50,'Leghe Fantacalcio'!A:I,2,FALSE)),"",VLOOKUP(B50,'Leghe Fantacalcio'!A:I,2,FALSE)) | N50: =IFERROR(VALUE(CONCATENATE(L50,M50)),"") -> 5298 | O50: =IFERROR(VLOOKUP(N50,'Leghe Fantacalcio'!B:I,8,FALSE),0) -> 12 | P50: =CONCATENATE("update giocatori set fvm = ",O50," where id = ",C50,";") -> update giocatori set fvm = 12 where id = 1060968;
A51: =CONCATENATE(D51,F51) -> SkorupskiBologna | B51: =CONCATENATE(D51," ",E51,F51) -> Skorupski L.Bologna | C51: 1038871 | D51: Skorupski | E51: L. | F51: Bologna | G51: P | H51: 6 | I51: 11 | J51: =VLOOKUP(A51,'Leghe Fantacalcio'!A:I,1,FALSE) -> SkorupskiBologna | K51: =VLOOKUP(B51,'Leghe Fantacalcio'!A:I,1,FALSE) -> #N/A | L51: =IF(ISNA(VLOOKUP(A51,'Leghe Fantacalcio'!A:I,2,FALSE)),"",VLOOKUP(A51,'Leghe Fantacalcio'!A:I,2,FALSE)) -> 133 | M51: =IF(ISNA(VLOOKUP(B51,'Leghe Fantacalcio'!A:I,2,FALSE)),"",VLOOKUP(B51,'Leghe Fantacalcio'!A:I,2,FALSE)) | N51: =IFERROR(VALUE(CONCATENATE(L51,M51)),"") -> 133 | O51: =IFERROR(VLOOKUP(N51,'Leghe Fantacalcio'!B:I,8,FALSE),0) -> 23 | P51: =CONCATENATE("update giocatori set fvm = ",O51," where id = ",C51,";") -> update giocatori set fvm = 23 where id = 1038871;
A52: =CONCATENATE(D52,F52) -> TheateBologna | B52: =CONCATENATE(D52," ",E52,F52) -> Theate A.Bologna | C52: 1110749 | D52: Theate | E52: A. | F52: Bologna | G52: D | H52: 6 | I52: 20 | J52: =VLOOKUP(A52,'Leghe Fantacalcio'!A:I,1,FALSE) -> TheateBologna | K52: =VLOOKUP(B52,'Leghe Fantacalcio'!A:I,1,FALSE) -> #N/A | L52: =IF(ISNA(VLOOKUP(A52,'Leghe Fantacalcio'!A:I,2,FALSE)),"",VLOOKUP(A52,'Leghe Fantacalcio'!A:I,2,FALSE)) -> 5675 | M52: =IF(ISNA(VLOOKUP(B52,'Leghe Fantacalcio'!A:I,2,FALSE)),"",VLOOKUP(B52,'Leghe Fantacalcio'!A:I,2,FALSE)) | N52: =IFERROR(VALUE(CONCATENATE(L52,M52)),"") -> 5675 | O52: =IFERROR(VLOOKUP(N52,'Leghe Fantacalcio'!B:I,8,FALSE),0) -> 20 | P52: =CONCATENATE("update giocatori set fvm = ",O52," where id = ",C52,";") -> update giocatori set fvm = 20 where id = 1110749;
A53: =CONCATENATE(D53,F53) -> VitikBologna | B53: =CONCATENATE(D53," ",E53,F53) -> Vitik M.Bologna | C53: 1102743 | D53: Vitik | E53: M. | F53: Bologna | G53: D | H53: 6 | I53: 4 | J53: =VLOOKUP(A53,'Leghe Fantacalcio'!A:I,1,FALSE) -> VitikBologna | K53: =VLOOKUP(B53,'Leghe Fantacalcio'!A:I,1,FALSE) -> #N/A | L53: =IF(ISNA(VLOOKUP(A53,'Leghe Fantacalcio'!A:I,2,FALSE)),"",VLOOKUP(A53,'Leghe Fantacalcio'!A:I,2,FALSE)) -> 7068 | M53: =IF(ISNA(VLOOKUP(B53,'Leghe Fantacalcio'!A:I,2,FALSE)),"",VLOOKUP(B53,'Leghe Fantacalcio'!A:I,2,FALSE)) | N53: =IFERROR(VALUE(CONCATENATE(L53,M53)),"") -> 7068 | O53: =IFERROR(VLOOKUP(N53,'Leghe Fantacalcio'!B:I,8,FALSE),0) -> 9 | P53: =CONCATENATE("update giocatori set fvm = ",O53," where id = ",C53,";") -> update giocatori set fvm = 9 where id = 1102743;
A54: =CONCATENATE(D54,F54) -> ZorteaBologna | B54: =CONCATENATE(D54," ",E54,F54) -> Zortea N.Bologna | C54: 1076574 | D54: Zortea | E54: N. | F54: Bologna | G54: D | H54: 6 | I54: 9 | J54: =VLOOKUP(A54,'Leghe Fantacalcio'!A:I,1,FALSE) -> ZorteaBologna | K54: =VLOOKUP(B54,'Leghe Fantacalcio'!A:I,1,FALSE) -> #N/A | L54: =IF(ISNA(VLOOKUP(A54,'Leghe Fantacalcio'!A:I,2,FALSE)),"",VLOOKUP(A54,'Leghe Fantacalcio'!A:I,2,FALSE)) -> 4433 | M54: =IF(ISNA(VLOOKUP(B54,'Leghe Fantacalcio'!A:I,2,FALSE)),"",VLOOKUP(B54,'Leghe Fantacalcio'!A:I,2,FALSE)) | N54: =IFERROR(VALUE(CONCATENATE(L54,M54)),"") -> 4433 | O54: =IFERROR(VLOOKUP(N54,'Leghe Fantacalcio'!B:I,8,FALSE),0) -> 17 | P54: =CONCATENATE("update giocatori set fvm = ",O54," where id = ",C54,";") -> update giocatori set fvm = 17 where id = 1076574;
A55: =CONCATENATE(D55,F55) -> AdopoCagliari | B55: =CONCATENATE(D55," ",E55,F55) -> Adopo M.Cagliari | C55: 1066457 | D55: Adopo | E55: M. | F55: Cagliari | G55: C | H55: 6 | I55: 18 | J55: =VLOOKUP(A55,'Leghe Fantacalcio'!A:I,1,FALSE) -> AdopoCagliari | K55: =VLOOKUP(B55,'Leghe Fantacalcio'!A:I,1,FALSE) -> #N/A | L55: =IF(ISNA(VLOOKUP(A55,'Leghe Fantacalcio'!A:I,2,FALSE)),"",VLOOKUP(A55,'Leghe Fantacalcio'!A:I,2,FALSE)) -> 4870 | M55: =IF(ISNA(VLOOKUP(B55,'Leghe Fantacalcio'!A:I,2,FALSE)),"",VLOOKUP(B55,'Leghe Fantacalcio'!A:I,2,FALSE)) | N55: =IFERROR(VALUE(CONCATENATE(L55,M55)),"") -> 4870 | O55: =IFERROR(VLOOKUP(N55,'Leghe Fantacalcio'!B:I,8,FALSE),0) -> 12 | P55: =CONCATENATE("update giocatori set fvm = ",O55," where id = ",C55,";") -> update giocatori set fvm = 12 where id = 1066457;
... A66: =CONCATENATE(D66,F66) -> IdrissiCagliari | B66: =CONCATENATE(D66," ",E66,F66) -> Idrissi R.Cagliari | C66: 1119938 | D66: Idrissi | E66: R. | F66: Cagliari | G66: D | H66: 6 | I66: 3 | J66: =VLOOKUP(A66,'Leghe Fantacalcio'!A:I,1,FALSE) -> #N/A | K66: =VLOOKUP(B66,'Leghe Fantacalcio'!A:I,1,FALSE) -> Idrissi R.Cagliari | L66: =IF(ISNA(VLOOKUP(A66,'Leghe Fantacalcio'!A:I,2,FALSE)),"",VLOOKUP(A66,'Leghe Fantacalcio'!A:I,2,FALSE)) | M66: =IF(ISNA(VLOOKUP(B66,'Leghe Fantacalcio'!A:I,2,FALSE)),"",VLOOKUP(B66,'Leghe Fantacalcio'!A:I,2,FALSE)) -> 7125 | N66: =IFERROR(VALUE(CONCATENATE(L66,M66)),"") -> 7125 | O66: =IFERROR(VLOOKUP(N66,'Leghe Fantacalcio'!B:I,8,FALSE),0) -> 3 | P66: =CONCATENATE("update giocatori set fvm = ",O66," where id = ",C66,";") -> update giocatori set fvm = 3 where id = 1119938;
A67: =CONCATENATE(D67,F67) -> Kevin CarlosCagliari | B67: =CONCATENATE(D67," ",E67,F67) -> Kevin Carlos Cagliari | C67: 1103519 | D67: Kevin Carlos | F67: Cagliari | G67: A | H67: 6 | I67: 9 | J67: =VLOOKUP(A67,'Leghe Fantacalcio'!A:I,1,FALSE) -> Kevin CarlosCagliari | K67: =VLOOKUP(B67,'Leghe Fantacalcio'!A:I,1,FALSE) -> #N/A | L67: =IF(ISNA(VLOOKUP(A67,'Leghe Fantacalcio'!A:I,2,FALSE)),"",VLOOKUP(A67,'Leghe Fantacalcio'!A:I,2,FALSE)) -> 7547 | M67: =IF(ISNA(VLOOKUP(B67,'Leghe Fantacalcio'!A:I,2,FALSE)),"",VLOOKUP(B67,'Leghe Fantacalcio'!A:I,2,FALSE)) | N67: =IFERROR(VALUE(CONCATENATE(L67,M67)),"") -> 7547 | O67: =IFERROR(VLOOKUP(N67,'Leghe Fantacalcio'!B:I,8,FALSE),0) -> 20 | P67: =CONCATENATE("update giocatori set fvm = ",O67," where id = ",C67,";") -> update giocatori set fvm = 20 where id = 1103519;
A68: =CONCATENATE(D68,F68) -> KoflerCagliari | B68: =CONCATENATE(D68," ",E68,F68) -> Kofler R.Cagliari | C68: 1115107 | D68: Kofler | E68: R. | F68: Cagliari | G68: D | H68: 6 | I68: 2 | J68: =VLOOKUP(A68,'Leghe Fantacalcio'!A:I,1,FALSE) -> KoflerCagliari | K68: =VLOOKUP(B68,'Leghe Fantacalcio'!A:I,1,FALSE) -> #N/A | L68: =IF(ISNA(VLOOKUP(A68,'Leghe Fantacalcio'!A:I,2,FALSE)),"",VLOOKUP(A68,'Leghe Fantacalcio'!A:I,2,FALSE)) -> 7532 | M68: =IF(ISNA(VLOOKUP(B68,'Leghe Fantacalcio'!A:I,2,FALSE)),"",VLOOKUP(B68,'Leghe Fantacalcio'!A:I,2,FALSE)) | N68: =IFERROR(VALUE(CONCATENATE(L68,M68)),"") -> 7532 | O68: =IFERROR(VLOOKUP(N68,'Leghe Fantacalcio'!B:I,8,FALSE),0) -> 4 | P68: =CONCATENATE("update giocatori set fvm = ",O68," where id = ",C68,";") -> update giocatori set fvm = 4 where id = 1115107;
A69: =CONCATENATE(D69,F69) -> LitetaCagliari | B69: =CONCATENATE(D69," ",E69,F69) -> Liteta J.Cagliari | C69: 1119941 | D69: Liteta | E69: J. | F69: Cagliari | G69: C | H69: 6 | I69: 1 | J69: =VLOOKUP(A69,'Leghe Fantacalcio'!A:I,1,FALSE) -> LitetaCagliari | K69: =VLOOKUP(B69,'Leghe Fantacalcio'!A:I,1,FALSE) -> #N/A | L69: =IF(ISNA(VLOOKUP(A69,'Leghe Fantacalcio'!A:I,2,FALSE)),"",VLOOKUP(A69,'Leghe Fantacalcio'!A:I,2,FALSE)) -> 7165 | M69: =IF(ISNA(VLOOKUP(B69,'Leghe Fantacalcio'!A:I,2,FALSE)),"",VLOOKUP(B69,'Leghe Fantacalcio'!A:I,2,FALSE)) | N69: =IFERROR(VALUE(CONCATENATE(L69,M69)),"") -> 7165 | O69: =IFERROR(VLOOKUP(N69,'Leghe Fantacalcio'!B:I,8,FALSE),0) -> 1 | P69: =CONCATENATE("update giocatori set fvm = ",O69," where id = ",C69,";") -> update giocatori set fvm = 1 where id = 1119941;
A70: =CONCATENATE(D70,F70) -> MaldiniCagliari | B70: =CONCATENATE(D70," ",E70,F70) -> Maldini D.Cagliari | C70: 1073082 | D70: Maldini | E70: D. | F70: Cagliari | G70: C | H70: 6 | I70: 26 | J70: =VLOOKUP(A70,'Leghe Fantacalcio'!A:I,1,FALSE) -> MaldiniCagliari | K70: =VLOOKUP(B70,'Leghe Fantacalcio'!A:I,1,FALSE) -> #N/A | L70: =IF(ISNA(VLOOKUP(A70,'Leghe Fantacalcio'!A:I,2,FALSE)),"",VLOOKUP(A70,'Leghe Fantacalcio'!A:I,2,FALSE)) -> 4896 | M70: =IF(ISNA(VLOOKUP(B70,'Leghe Fantacalcio'!A:I,2,FALSE)),"",VLOOKUP(B70,'Leghe Fantacalcio'!A:I,2,FALSE)) | N70: =IFERROR(VALUE(CONCATENATE(L70,M70)),"") -> 4896 | O70: =IFERROR(VLOOKUP(N70,'Leghe Fantacalcio'!B:I,8,FALSE),0) -> 45 | P70: =CONCATENATE("update giocatori set fvm = ",O70," where id = ",C70,";") -> update giocatori set fvm = 45 where id = 1073082;
A71: =CONCATENATE(D71,F71) -> MassolinCagliari | B71: =CONCATENATE(D71," ",E71,F71) -> Massolin Y.Cagliari | C71: 1113542 | D71: Massolin | E71: Y. | F71: Cagliari | G71: C | H71: 6 | I71: 2 | J71: =VLOOKUP(A71,'Leghe Fantacalcio'!A:I,1,FALSE) -> MassolinCagliari | K71: =VLOOKUP(B71,'Leghe Fantacalcio'!A:I,1,FALSE) -> #N/A | L71: =IF(ISNA(VLOOKUP(A71,'Leghe Fantacalcio'!A:I,2,FALSE)),"",VLOOKUP(A71,'Leghe Fantacalcio'!A:I,2,FALSE)) -> 7579 | M71: =IF(ISNA(VLOOKUP(B71,'Leghe Fantacalcio'!A:I,2,FALSE)),"",VLOOKUP(B71,'Leghe Fantacalcio'!A:I,2,FALSE)) | N71: =IFERROR(VALUE(CONCATENATE(L71,M71)),"") -> 7579 | O71: =IFERROR(VLOOKUP(N71,'Leghe Fantacalcio'!B:I,8,FALSE),0) -> 12 | P71: =CONCATENATE("update giocatori set fvm = ",O71," where id = ",C71,";") -> update giocatori set fvm = 12 where id = 1113542;
A72: =CONCATENATE(D72,F72) -> NzolaCagliari | B72: =CONCATENATE(D72," ",E72,F72) -> Nzola Cagliari | C72: 1064600 | D72: Nzola | F72: Cagliari | G72: A | H72: 6 | I72: 13 | J72: =VLOOKUP(A72,'Leghe Fantacalcio'!A:I,1,FALSE) -> NzolaCagliari | K72: =VLOOKUP(B72,'Leghe Fantacalcio'!A:I,1,FALSE) -> #N/A | L72: =IF(ISNA(VLOOKUP(A72,'Leghe Fantacalcio'!A:I,2,FALSE)),"",VLOOKUP(A72,'Leghe Fantacalcio'!A:I,2,FALSE)) -> 5336 | M72: =IF(ISNA(VLOOKUP(B72,'Leghe Fantacalcio'!A:I,2,FALSE)),"",VLOOKUP(B72,'Leghe Fantacalcio'!A:I,2,FALSE)) | N72: =IFERROR(VALUE(CONCATENATE(L72,M72)),"") -> 5336 | O72: =IFERROR(VLOOKUP(N72,'Leghe Fantacalcio'!B:I,8,FALSE),0) -> 10 | P72: =CONCATENATE("update giocatori set fvm = ",O72," where id = ",C72,";") -> update giocatori set fvm = 10 where id = 1064600;
A73: =CONCATENATE(D73,F73) -> MendyCagliari | B73: =CONCATENATE(D73," ",E73,F73) -> Mendy P.Cagliari | C73: 1120334 | D73: Mendy | E73: P. | F73: Cagliari | G73: A | H73: 6 | I73: 7 | J73: =VLOOKUP(A73,'Leghe Fantacalcio'!A:I,1,FALSE) -> #N/A | K73: =VLOOKUP(B73,'Leghe Fantacalcio'!A:I,1,FALSE) -> Mendy P.Cagliari | L73: =IF(ISNA(VLOOKUP(A73,'Leghe Fantacalcio'!A:I,2,FALSE)),"",VLOOKUP(A73,'Leghe Fantacalcio'!A:I,2,FALSE)) | M73: =IF(ISNA(VLOOKUP(B73,'Leghe Fantacalcio'!A:I,2,FALSE)),"",VLOOKUP(B73,'Leghe Fantacalcio'!A:I,2,FALSE)) -> 7374 | N73: =IFERROR(VALUE(CONCATENATE(L73,M73)),"") -> 7374 | O73: =IFERROR(VLOOKUP(N73,'Leghe Fantacalcio'!B:I,8,FALSE),0) -> 20 | P73: =CONCATENATE("update giocatori set fvm = ",O73," where id = ",C73,";") -> update giocatori set fvm = 20 where id = 1120334;
A74: =CONCATENATE(D74,F74) -> MinaCagliari | B74: =CONCATENATE(D74," ",E74,F74) -> Mina Y.Cagliari | C74: 1065667 | D74: Mina | E74: Y. | F74: Cagliari | G74: D | H74: 6 | I74: 9 | J74: =VLOOKUP(A74,'Leghe Fantacalcio'!A:I,1,FALSE) -> MinaCagliari | K74: =VLOOKUP(B74,'Leghe Fantacalcio'!A:I,1,FALSE) -> #N/A | L74: =IF(ISNA(VLOOKUP(A74,'Leghe Fantacalcio'!A:I,2,FALSE)),"",VLOOKUP(A74,'Leghe Fantacalcio'!A:I,2,FALSE)) -> 4210 | M74: =IF(ISNA(VLOOKUP(B74,'Leghe Fantacalcio'!A:I,2,FALSE)),"",VLOOKUP(B74,'Leghe Fantacalcio'!A:I,2,FALSE)) | N74: =IFERROR(VALUE(CONCATENATE(L74,M74)),"") -> 4210 | O74: =IFERROR(VLOOKUP(N74,'Leghe Fantacalcio'!B:I,8,FALSE),0) -> 17 | P74: =CONCATENATE("update giocatori set fvm = ",O74," where id = ",C74,";") -> update giocatori set fvm = 17 where id = 1065667;
A75: =CONCATENATE(D75,F75) -> ObertCagliari | B75: =CONCATENATE(D75," ",E75,F75) -> Obert A.Cagliari | C75: 1110625 | D75: Obert | E75: A. | F75: Cagliari | G75: D | H75: 6 | I75: 9 | J75: =VLOOKUP(A75,'Leghe Fantacalcio'!A:I,1,FALSE) -> ObertCagliari | K75: =VLOOKUP(B75,'Leghe Fantacalcio'!A:I,1,FALSE) -> #N/A | L75: =IF(ISNA(VLOOKUP(A75,'Leghe Fantacalcio'!A:I,2,FALSE)),"",VLOOKUP(A75,'Leghe Fantacalcio'!A:I,2,FALSE)) -> 5701 | M75: =IF(ISNA(VLOOKUP(B75,'Leghe Fantacalcio'!A:I,2,FALSE)),"",VLOOKUP(B75,'Leghe Fantacalcio'!A:I,2,FALSE)) | N75: =IFERROR(VALUE(CONCATENATE(L75,M75)),"") -> 5701 | O75: =IFERROR(VLOOKUP(N75,'Leghe Fantacalcio'!B:I,8,FALSE),0) -> 15 | P75: =CONCATENATE("update giocatori set fvm = ",O75," where id = ",C75,";") -> update giocatori set fvm = 15 where id = 1110625;
A76: =CONCATENATE(D76,F76) -> RadunovicCagliari | B76: =CONCATENATE(D76," ",E76,F76) -> Radunovic B.Cagliari | C76: 1051808 | D76: Radunovic | E76: B. | F76: Cagliari | G76: P | H76: 6 | I76: 1 | J76: =VLOOKUP(A76,'Leghe Fantacalcio'!A:I,1,FALSE) -> RadunovicCagliari | K76: =VLOOKUP(B76,'Leghe Fantacalcio'!A:I,1,FALSE) -> #N/A | L76: =IF(ISNA(VLOOKUP(A76,'Leghe Fantacalcio'!A:I,2,FALSE)),"",VLOOKUP(A76,'Leghe Fantacalcio'!A:I,2,FALSE)) -> 3 | M76: =IF(ISNA(VLOOKUP(B76,'Leghe Fantacalcio'!A:I,2,FALSE)),"",VLOOKUP(B76,'Leghe Fantacalcio'!A:I,2,FALSE)) | N76: =IFERROR(VALUE(CONCATENATE(L76,M76)),"") -> 3 | O76: =IFERROR(VLOOKUP(N76,'Leghe Fantacalcio'!B:I,8,FALSE),0) -> 1 | P76: =CONCATENATE("update giocatori set fvm = ",O76," where id = ",C76,";") -> update giocatori set fvm = 1 where id = 1051808;
A77: =CONCATENATE(D77,F77) -> Rodriguez Ju.Cagliari | B77: =CONCATENATE(D77," ",E77,F77) -> Rodriguez Ju. J.Cagliari | C77: 1119654 | D77: Rodriguez Ju. | E77: J. | F77: Cagliari | G77: D | H77: 6 | I77: 8 | J77: =VLOOKUP(A77,'Leghe Fantacalcio'!A:I,1,FALSE) -> Rodriguez Ju.Cagliari | K77: =VLOOKUP(B77,'Leghe Fantacalcio'!A:I,1,FALSE) -> #N/A | L77: =IF(ISNA(VLOOKUP(A77,'Leghe Fantacalcio'!A:I,2,FALSE)),"",VLOOKUP(A77,'Leghe Fantacalcio'!A:I,2,FALSE)) -> 7268 | M77: =IF(ISNA(VLOOKUP(B77,'Leghe Fantacalcio'!A:I,2,FALSE)),"",VLOOKUP(B77,'Leghe Fantacalcio'!A:I,2,FALSE)) | N77: =IFERROR(VALUE(CONCATENATE(L77,M77)),"") -> 7268 | O77: =IFERROR(VLOOKUP(N77,'Leghe Fantacalcio'!B:I,8,FALSE),0) -> 14 | P77: =CONCATENATE("update giocatori set fvm = ",O77," where id = ",C77,";") -> update giocatori set fvm = 14 where id = 1119654;
A78: =CONCATENATE(D78,F78) -> RomanoCagliari | B78: =CONCATENATE(D78," ",E78,F78) -> Romano A.Cagliari | C78: 1119818 | D78: Romano | E78: A. | F78: Cagliari | G78: C | H78: 6 | I78: 10 | J78: =VLOOKUP(A78,'Leghe Fantacalcio'!A:I,1,FALSE) -> RomanoCagliari | K78: =VLOOKUP(B78,'Leghe Fantacalcio'!A:I,1,FALSE) -> #N/A | L78: =IF(ISNA(VLOOKUP(A78,'Leghe Fantacalcio'!A:I,2,FALSE)),"",VLOOKUP(A78,'Leghe Fantacalcio'!A:I,2,FALSE)) -> 7311 | M78: =IF(ISNA(VLOOKUP(B78,'Leghe Fantacalcio'!A:I,2,FALSE)),"",VLOOKUP(B78,'Leghe Fantacalcio'!A:I,2,FALSE)) | N78: =IFERROR(VALUE(CONCATENATE(L78,M78)),"") -> 7311 | O78: =IFERROR(VLOOKUP(N78,'Leghe Fantacalcio'!B:I,8,FALSE),0) -> 21 | P78: =CONCATENATE("update giocatori set fvm = ",O78," where id = ",C78,";") -> update giocatori set fvm = 21 where id = 1119818;
A79: =CONCATENATE(D79,F79) -> SherriCagliari | B79: =CONCATENATE(D79," ",E79,F79) -> Sherri A.Cagliari | C79: 1099520 | D79: Sherri | E79: A. | F79: Cagliari | G79: P | H79: 6 | I79: 1 | J79: =VLOOKUP(A79,'Leghe Fantacalcio'!A:I,1,FALSE) -> SherriCagliari | K79: =VLOOKUP(B79,'Leghe Fantacalcio'!A:I,1,FALSE) -> #N/A | L79: =IF(ISNA(VLOOKUP(A79,'Leghe Fantacalcio'!A:I,2,FALSE)),"",VLOOKUP(A79,'Leghe Fantacalcio'!A:I,2,FALSE)) -> 6650 | M79: =IF(ISNA(VLOOKUP(B79,'Leghe Fantacalcio'!A:I,2,FALSE)),"",VLOOKUP(B79,'Leghe Fantacalcio'!A:I,2,FALSE)) | N79: =IFERROR(VALUE(CONCATENATE(L79,M79)),"") -> 6650 | O79: =IFERROR(VLOOKUP(N79,'Leghe Fantacalcio'!B:I,8,FALSE),0) -> 1 | P79: =CONCATENATE("update giocatori set fvm = ",O79," where id = ",C79,";") -> update giocatori set fvm = 1 where id = 1099520;
A80: =CONCATENATE(D80,F80) -> SugawaraCagliari | B80: =CONCATENATE(D80," ",E80,F80) -> Sugawara Y.Cagliari | C80: 1071550 | D80: Sugawara | E80: Y. | F80: Cagliari | G80: D | H80: 6 | I80: 8 | J80: =VLOOKUP(A80,'Leghe Fantacalcio'!A:I,1,FALSE) -> SugawaraCagliari | K80: =VLOOKUP(B80,'Leghe Fantacalcio'!A:I,1,FALSE) -> #N/A | L80: =IF(ISNA(VLOOKUP(A80,'Leghe Fantacalcio'!A:I,2,FALSE)),"",VLOOKUP(A80,'Leghe Fantacalcio'!A:I,2,FALSE)) -> 7621 | M80: =IF(ISNA(VLOOKUP(B80,'Leghe Fantacalcio'!A:I,2,FALSE)),"",VLOOKUP(B80,'Leghe Fantacalcio'!A:I,2,FALSE)) | N80: =IFERROR(VALUE(CONCATENATE(L80,M80)),"") -> 7621 | O80: =IFERROR(VLOOKUP(N80,'Leghe Fantacalcio'!B:I,8,FALSE),0) -> 9 | P80: =CONCATENATE("update giocatori set fvm = ",O80," where id = ",C80,";") -> update giocatori set fvm = 9 where id = 1071550;
A81: =CONCATENATE(D81,F81) -> TrepyCagliari | B81: =CONCATENATE(D81," ",E81,F81) -> Trepy Y.Cagliari | C81: 1119940 | D81: Trepy | E81: Y. | F81: Cagliari | G81: A | H81: 6 | I81: 1 | J81: =VLOOKUP(A81,'Leghe Fantacalcio'!A:I,1,FALSE) -> TrepyCagliari | K81: =VLOOKUP(B81,'Leghe Fantacalcio'!A:I,1,FALSE) -> #N/A | L81: =IF(ISNA(VLOOKUP(A81,'Leghe Fantacalcio'!A:I,2,FALSE)),"",VLOOKUP(A81,'Leghe Fantacalcio'!A:I,2,FALSE)) -> 7317 | M81: =IF(ISNA(VLOOKUP(B81,'Leghe Fantacalcio'!A:I,2,FALSE)),"",VLOOKUP(B81,'Leghe Fantacalcio'!A:I,2,FALSE)) | N81: =IFERROR(VALUE(CONCATENATE(L81,M81)),"") -> 7317 | O81: =IFERROR(VLOOKUP(N81,'Leghe Fantacalcio'!B:I,8,FALSE),0) -> 1 | P81: =CONCATENATE("update giocatori set fvm = ",O81," where id = ",C81,";") -> update giocatori set fvm = 1 where id = 1119940;
A82: =CONCATENATE(D82,F82) -> WinksCagliari | B82: =CONCATENATE(D82," ",E82,F82) -> Winks H.Cagliari | C82: 1045103 | D82: Winks | E82: H. | F82: Cagliari | G82: C | H82: 6 | I82: 13 | J82: =VLOOKUP(A82,'Leghe Fantacalcio'!A:I,1,FALSE) -> WinksCagliari | K82: =VLOOKUP(B82,'Leghe Fantacalcio'!A:I,1,FALSE) -> #N/A | L82: =IF(ISNA(VLOOKUP(A82,'Leghe Fantacalcio'!A:I,2,FALSE)),"",VLOOKUP(A82,'Leghe Fantacalcio'!A:I,2,FALSE)) -> 4260 | M82: =IF(ISNA(VLOOKUP(B82,'Leghe Fantacalcio'!A:I,2,FALSE)),"",VLOOKUP(B82,'Leghe Fantacalcio'!A:I,2,FALSE)) | N82: =IFERROR(VALUE(CONCATENATE(L82,M82)),"") -> 4260 | O82: =IFERROR(VLOOKUP(N82,'Leghe Fantacalcio'!B:I,8,FALSE),0) -> 15 | P82: =CONCATENATE("update giocatori set fvm = ",O82," where id = ",C82,";") -> update giocatori set fvm = 15 where id = 1045103;
A83: =CONCATENATE(D83,F83) -> Zè PedroCagliari | B83: =CONCATENATE(D83," ",E83,F83) -> Zè Pedro Cagliari | C83: 1111845 | D83: Zè Pedro | F83: Cagliari | G83: D | H83: 6 | I83: 8 | J83: =VLOOKUP(A83,'Leghe Fantacalcio'!A:I,1,FALSE) -> Zè PedroCagliari | K83: =VLOOKUP(B83,'Leghe Fantacalcio'!A:I,1,FALSE) -> #N/A | L83: =IF(ISNA(VLOOKUP(A83,'Leghe Fantacalcio'!A:I,2,FALSE)),"",VLOOKUP(A83,'Leghe Fantacalcio'!A:I,2,FALSE)) -> 7274 | M83: =IF(ISNA(VLOOKUP(B83,'Leghe Fantacalcio'!A:I,2,FALSE)),"",VLOOKUP(B83,'Leghe Fantacalcio'!A:I,2,FALSE)) | N83: =IFERROR(VALUE(CONCATENATE(L83,M83)),"") -> 7274 | O83: =IFERROR(VLOOKUP(N83,'Leghe Fantacalcio'!B:I,8,FALSE),0) -> 15 | P83: =CONCATENATE("update giocatori set fvm = ",O83," where id = ",C83,";") -> update giocatori set fvm = 15 where id = 1111845;
A84: =CONCATENATE(D84,F84) -> AddaiComo | B84: =CONCATENATE(D84," ",E84,F84) -> Addai J.Como | C84: 1119896 | D84: Addai | E84: J. | F84: Como | G84: A | H84: 6 | I84: 13 | J84: =VLOOKUP(A84,'Leghe Fantacalcio'!A:I,1,FALSE) -> AddaiComo | K84: =VLOOKUP(B84,'Leghe Fantacalcio'!A:I,1,FALSE) -> #N/A | L84: =IF(ISNA(VLOOKUP(A84,'Leghe Fantacalcio'!A:I,2,FALSE)),"",VLOOKUP(A84,'Leghe Fantacalcio'!A:I,2,FALSE)) -> 7127 | M84: =IF(ISNA(VLOOKUP(B84,'Leghe Fantacalcio'!A:I,2,FALSE)),"",VLOOKUP(B84,'Leghe Fantacalcio'!A:I,2,FALSE)) | N84: =IFERROR(VALUE(CONCATENATE(L84,M84)),"") -> 7127 | O84: =IFERROR(VLOOKUP(N84,'Leghe Fantacalcio'!B:I,8,FALSE),0) -> 10 | P84: =CONCATENATE("update giocatori set fvm = ",O84," where id = ",C84,";") -> update giocatori set fvm = 10 where id = 1119896;
A85: =CONCATENATE(D85,F85) -> ValleComo | B85: =CONCATENATE(D85," ",E85,F85) -> Valle Como | C85: 1115890 | D85: Valle | F85: Como | G85: D | H85: 6 | I85: 14 | J85: =VLOOKUP(A85,'Leghe Fantacalcio'!A:I,1,FALSE) -> ValleComo | K85: =VLOOKUP(B85,'Leghe Fantacalcio'!A:I,1,FALSE) -> #N/A | L85: =IF(ISNA(VLOOKUP(A85,'Leghe Fantacalcio'!A:I,2,FALSE)),"",VLOOKUP(A85,'Leghe Fantacalcio'!A:I,2,FALSE)) -> 6867 | M85: =IF(ISNA(VLOOKUP(B85,'Leghe Fantacalcio'!A:I,2,FALSE)),"",VLOOKUP(B85,'Leghe Fantacalcio'!A:I,2,FALSE)) | N85: =IFERROR(VALUE(CONCATENATE(L85,M85)),"") -> 6867 | O85: =IFERROR(VLOOKUP(N85,'Leghe Fantacalcio'!B:I,8,FALSE),0) -> 20 | P85: =CONCATENATE("update giocatori set fvm = ",O85," where id = ",C85,";") -> update giocatori set fvm = 20 where id = 1115890;
A86: =CONCATENATE(D86,F86) -> BaturinaComo | B86: =CONCATENATE(D86," ",E86,F86) -> Baturina M.Como | C86: 1103455 | D86: Baturina | E86: M. | F86: Como | G86: C | H86: 6 | I86: 38 | J86: =VLOOKUP(A86,'Leghe Fantacalcio'!A:I,1,FALSE) -> BaturinaComo | K86: =VLOOKUP(B86,'Leghe Fantacalcio'!A:I,1,FALSE) -> #N/A | L86: =IF(ISNA(VLOOKUP(A86,'Leghe Fantacalcio'!A:I,2,FALSE)),"",VLOOKUP(A86,'Leghe Fantacalcio'!A:I,2,FALSE)) -> 7126 | M86: =IF(ISNA(VLOOKUP(B86,'Leghe Fantacalcio'!A:I,2,FALSE)),"",VLOOKUP(B86,'Leghe Fantacalcio'!A:I,2,FALSE)) | N86: =IFERROR(VALUE(CONCATENATE(L86,M86)),"") -> 7126 | O86: =IFERROR(VLOOKUP(N86,'Leghe Fantacalcio'!B:I,8,FALSE),0) -> 153 | P86: =CONCATENATE("update giocatori set fvm = ",O86," where id = ",C86,";") -> update giocatori set fvm = 153 where id = 1103455;
A87: =CONCATENATE(D87,F87) -> ButezComo | B87: =CONCATENATE(D87," ",E87,F87) -> Butez J.Como | C87: 1098983 | D87: Butez | E87: J. | F87: Como | G87: P | H87: 6 | I87: 15 | J87: =VLOOKUP(A87,'Leghe Fantacalcio'!A:I,1,FALSE) -> ButezComo | K87: =VLOOKUP(B87,'Leghe Fantacalcio'!A:I,1,FALSE) -> #N/A | L87: =IF(ISNA(VLOOKUP(A87,'Leghe Fantacalcio'!A:I,2,FALSE)),"",VLOOKUP(A87,'Leghe Fantacalcio'!A:I,2,FALSE)) -> 6966 | M87: =IF(ISNA(VLOOKUP(B87,'Leghe Fantacalcio'!A:I,2,FALSE)),"",VLOOKUP(B87,'Leghe Fantacalcio'!A:I,2,FALSE)) | N87: =IFERROR(VALUE(CONCATENATE(L87,M87)),"") -> 6966 | O87: =IFERROR(VLOOKUP(N87,'Leghe Fantacalcio'!B:I,8,FALSE),0) -> 43 | P87: =CONCATENATE("update giocatori set fvm = ",O87," where id = ",C87,";") -> update giocatori set fvm = 43 where id = 1098983;
A88: =CONCATENATE(D88,F88) -> CaqueretComo | B88: =CONCATENATE(D88," ",E88,F88) -> Caqueret M.Como | C88: 1069380 | D88: Caqueret | E88: M. | F88: Como | G88: C | H88: 6 | I88: 28 | J88: =VLOOKUP(A88,'Leghe Fantacalcio'!A:I,1,FALSE) -> CaqueretComo | K88: =VLOOKUP(B88,'Leghe Fantacalcio'!A:I,1,FALSE) -> #N/A | L88: =IF(ISNA(VLOOKUP(A88,'Leghe Fantacalcio'!A:I,2,FALSE)),"",VLOOKUP(A88,'Leghe Fantacalcio'!A:I,2,FALSE)) -> 5036 | M88: =IF(ISNA(VLOOKUP(B88,'Leghe Fantacalcio'!A:I,2,FALSE)),"",VLOOKUP(B88,'Leghe Fantacalcio'!A:I,2,FALSE)) | N88: =IFERROR(VALUE(CONCATENATE(L88,M88)),"") -> 5036 | O88: =IFERROR(VLOOKUP(N88,'Leghe Fantacalcio'!B:I,8,FALSE),0) -> 11 | P88: =CONCATENATE("update giocatori set fvm = ",O88," where id = ",C88,";") -> update giocatori set fvm = 11 where id = 1069380;
A89: =CONCATENATE(D89,F89) -> ChalobahComo | B89: =CONCATENATE(D89," ",E89,F89) -> Chalobah T.Como | C89: 1095318 | D89: Chalobah | E89: T. | F89: Como | G89: D | H89: 6 | I89: 15 | J89: =VLOOKUP(A89,'Leghe Fantacalcio'!A:I,1,FALSE) -> #N/A | K89: =VLOOKUP(B89,'Leghe Fantacalcio'!A:I,1,FALSE) -> Chalobah T.Como | L89: =IF(ISNA(VLOOKUP(A89,'Leghe Fantacalcio'!A:I,2,FALSE)),"",VLOOKUP(A89,'Leghe Fantacalcio'!A:I,2,FALSE)) | M89: =IF(ISNA(VLOOKUP(B89,'Leghe Fantacalcio'!A:I,2,FALSE)),"",VLOOKUP(B89,'Leghe Fantacalcio'!A:I,2,FALSE)) -> 5641 | N89: =IFERROR(VALUE(CONCATENATE(L89,M89)),"") -> 5641 | O89: =IFERROR(VLOOKUP(N89,'Leghe Fantacalcio'!B:I,8,FALSE),0) -> 25 | P89: =CONCATENATE("update giocatori set fvm = ",O89," where id = ",C89,";") -> update giocatori set fvm = 25 where id = 1095318;
A90: =CONCATENATE(D90,F90) -> da CunhaComo | B90: =CONCATENATE(D90," ",E90,F90) -> da Cunha L.Como | C90: 1073202 | D90: da Cunha | E90: L. | F90: Como | G90: C | H90: 6 | I90: 34 | J90: =VLOOKUP(A90,'Leghe Fantacalcio'!A:I,1,FALSE) -> Da CunhaComo | K90: =VLOOKUP(B90,'Leghe Fantacalcio'!A:I,1,FALSE) -> #N/A | L90: =IF(ISNA(VLOOKUP(A90,'Leghe Fantacalcio'!A:I,2,FALSE)),"",VLOOKUP(A90,'Leghe Fantacalcio'!A:I,2,FALSE)) -> 5559 | M90: =IF(ISNA(VLOOKUP(B90,'Leghe Fantacalcio'!A:I,2,FALSE)),"",VLOOKUP(B90,'Leghe Fantacalcio'!A:I,2,FALSE)) | N90: =IFERROR(VALUE(CONCATENATE(L90,M90)),"") -> 5559 | O90: =IFERROR(VLOOKUP(N90,'Leghe Fantacalcio'!B:I,8,FALSE),0) -> 69 | P90: =CONCATENATE("update giocatori set fvm = ",O90," where id = ",C90,";") -> update giocatori set fvm = 69 where id = 1073202;
A91: =CONCATENATE(D91,F91) -> DiaoComo | B91: =CONCATENATE(D91," ",E91,F91) -> Diao A.Como | C91: 1118419 | D91: Diao | E91: A. | F91: Como | G91: A | H91: 6 | I91: 31 | J91: =VLOOKUP(A91,'Leghe Fantacalcio'!A:I,1,FALSE) -> DiaoComo | K91: =VLOOKUP(B91,'Leghe Fantacalcio'!A:I,1,FALSE) -> #N/A | L91: =IF(ISNA(VLOOKUP(A91,'Leghe Fantacalcio'!A:I,2,FALSE)),"",VLOOKUP(A91,'Leghe Fantacalcio'!A:I,2,FALSE)) -> 6967 | M91: =IF(ISNA(VLOOKUP(B91,'Leghe Fantacalcio'!A:I,2,FALSE)),"",VLOOKUP(B91,'Leghe Fantacalcio'!A:I,2,FALSE)) | N91: =IFERROR(VALUE(CONCATENATE(L91,M91)),"") -> 6967 | O91: =IFERROR(VLOOKUP(N91,'Leghe Fantacalcio'!B:I,8,FALSE),0) -> 67 | P91: =CONCATENATE("update giocatori set fvm = ",O91," where id = ",C91,";") -> update giocatori set fvm = 67 where id = 1118419;
A92: =CONCATENATE(D92,F92) -> DossenaComo | B92: =CONCATENATE(D92," ",E92,F92) -> Dossena A.Como | C92: 1115277 | D92: Dossena | E92: A. | F92: Como | G92: D | H92: 6 | I92: 2 | J92: =VLOOKUP(A92,'Leghe Fantacalcio'!A:I,1,FALSE) -> #N/A | K92: =VLOOKUP(B92,'Leghe Fantacalcio'!A:I,1,FALSE) -> #N/A | L92: =IF(ISNA(VLOOKUP(A92,'Leghe Fantacalcio'!A:I,2,FALSE)),"",VLOOKUP(A92,'Leghe Fantacalcio'!A:I,2,FALSE)) | M92: =IF(ISNA(VLOOKUP(B92,'Leghe Fantacalcio'!A:I,2,FALSE)),"",VLOOKUP(B92,'Leghe Fantacalcio'!A:I,2,FALSE)) | N92: =IFERROR(VALUE(CONCATENATE(L92,M92)),"") | O92: =IFERROR(VLOOKUP(N92,'Leghe Fantacalcio'!B:I,8,FALSE),0) -> 0 | P92: =CONCATENATE("update giocatori set fvm = ",O92," where id = ",C92,";") -> update giocatori set fvm = 0 where id = 1115277;
A93: =CONCATENATE(D93,F93) -> DouvikasComo | B93: =CONCATENATE(D93," ",E93,F93) -> Douvikas T.Como | C93: 1118290 | D93: Douvikas | E93: T. | F93: Como | G93: A | H93: 6 | I93: 48 | J93: =VLOOKUP(A93,'Leghe Fantacalcio'!A:I,1,FALSE) -> DouvikasComo | K93: =VLOOKUP(B93,'Leghe Fantacalcio'!A:I,1,FALSE) -> #N/A | L93: =IF(ISNA(VLOOKUP(A93,'Leghe Fantacalcio'!A:I,2,FALSE)),"",VLOOKUP(A93,'Leghe Fantacalcio'!A:I,2,FALSE)) -> 7017 | M93: =IF(ISNA(VLOOKUP(B93,'Leghe Fantacalcio'!A:I,2,FALSE)),"",VLOOKUP(B93,'Leghe Fantacalcio'!A:I,2,FALSE)) | N93: =IFERROR(VALUE(CONCATENATE(L93,M93)),"") -> 7017 | O93: =IFERROR(VLOOKUP(N93,'Leghe Fantacalcio'!B:I,8,FALSE),0) -> 138 | P93: =CONCATENATE("update giocatori set fvm = ",O93," where id = ",C93,";") -> update giocatori set fvm = 138 where id = 1118290;
A94: =CONCATENATE(D94,F94) -> GoldanigaComo | B94: =CONCATENATE(D94," ",E94,F94) -> Goldaniga E.Como | C94: 1039172 | D94: Goldaniga | E94: E. | F94: Como | G94: D | H94: 6 | I94: 2 | J94: =VLOOKUP(A94,'Leghe Fantacalcio'!A:I,1,FALSE) -> GoldanigaComo | K94: =VLOOKUP(B94,'Leghe Fantacalcio'!A:I,1,FALSE) -> #N/A | L94: =IF(ISNA(VLOOKUP(A94,'Leghe Fantacalcio'!A:I,2,FALSE)),"",VLOOKUP(A94,'Leghe Fantacalcio'!A:I,2,FALSE)) -> 418 | M94: =IF(ISNA(VLOOKUP(B94,'Leghe Fantacalcio'!A:I,2,FALSE)),"",VLOOKUP(B94,'Leghe Fantacalcio'!A:I,2,FALSE)) | N94: =IFERROR(VALUE(CONCATENATE(L94,M94)),"") -> 418 | O94: =IFERROR(VLOOKUP(N94,'Leghe Fantacalcio'!B:I,8,FALSE),0) -> 1 | P94: =CONCATENATE("update giocatori set fvm = ",O94," where id = ",C94,";") -> update giocatori set fvm = 1 where id = 1039172;
A95: =CONCATENATE(D95,F95) -> RamonComo | B95: =CONCATENATE(D95," ",E95,F95) -> Ramon Como | C95: 1119152 | D95: Ramon | F95: Como | G95: D | H95: 6 | I95: 16 | J95: =VLOOKUP(A95,'Leghe Fantacalcio'!A:I,1,FALSE) -> RamonComo | K95: =VLOOKUP(B95,'Leghe Fantacalcio'!A:I,1,FALSE) -> #N/A | L95: =IF(ISNA(VLOOKUP(A95,'Leghe Fantacalcio'!A:I,2,FALSE)),"",VLOOKUP(A95,'Leghe Fantacalcio'!A:I,2,FALSE)) -> 6869 | M95: =IF(ISNA(VLOOKUP(B95,'Leghe Fantacalcio'!A:I,2,FALSE)),"",VLOOKUP(B95,'Leghe Fantacalcio'!A:I,2,FALSE)) | N95: =IFERROR(VALUE(CONCATENATE(L95,M95)),"") -> 6869 | O95: =IFERROR(VLOOKUP(N95,'Leghe Fantacalcio'!B:I,8,FALSE),0) -> 34 | P95: =CONCATENATE("update giocatori set fvm = ",O95," where id = ",C95,";") -> update giocatori set fvm = 34 where id = 1119152;
A96: =CONCATENATE(D96,F96) -> Rodriguez Je.Como | B96: =CONCATENATE(D96," ",E96,F96) -> Rodriguez Je. Como | C96: 1119895 | D96: Rodriguez Je. | F96: Como | G96: A | H96: 6 | I96: 28 | J96: =VLOOKUP(A96,'Leghe Fantacalcio'!A:I,1,FALSE) -> Rodriguez Je.Como | K96: =VLOOKUP(B96,'Leghe Fantacalcio'!A:I,1,FALSE) -> #N/A | L96: =IF(ISNA(VLOOKUP(A96,'Leghe Fantacalcio'!A:I,2,FALSE)),"",VLOOKUP(A96,'Leghe Fantacalcio'!A:I,2,FALSE)) -> 7129 | M96: =IF(ISNA(VLOOKUP(B96,'Leghe Fantacalcio'!A:I,2,FALSE)),"",VLOOKUP(B96,'Leghe Fantacalcio'!A:I,2,FALSE)) | N96: =IFERROR(VALUE(CONCATENATE(L96,M96)),"") -> 7129 | O96: =IFERROR(VLOOKUP(N96,'Leghe Fantacalcio'!B:I,8,FALSE),0) -> 23 | P96: =CONCATENATE("update giocatori set fvm = ",O96," where id = ",C96,";") -> update giocatori set fvm = 23 where id = 1119895;
A97: =CONCATENATE(D97,F97) -> KaikiComo | B97: =CONCATENATE(D97," ",E97,F97) -> Kaiki Como | C97: 1120438 | D97: Kaiki | F97: Como | G97: D | H97: 6 | I97: 11 | J97: =VLOOKUP(A97,'Leghe Fantacalcio'!A:I,1,FALSE) -> KaikiComo | K97: =VLOOKUP(B97,'Leghe Fantacalcio'!A:I,1,FALSE) -> #N/A | L97: =IF(ISNA(VLOOKUP(A97,'Leghe Fantacalcio'!A:I,2,FALSE)),"",VLOOKUP(A97,'Leghe Fantacalcio'!A:I,2,FALSE)) -> 7414 | M97: =IF(ISNA(VLOOKUP(B97,'Leghe Fantacalcio'!A:I,2,FALSE)),"",VLOOKUP(B97,'Leghe Fantacalcio'!A:I,2,FALSE)) | N97: =IFERROR(VALUE(CONCATENATE(L97,M97)),"") -> 7414 | O97: =IFERROR(VLOOKUP(N97,'Leghe Fantacalcio'!B:I,8,FALSE),0) -> 17 | P97: =CONCATENATE("update giocatori set fvm = ",O97," where id = ",C97,";") -> update giocatori set fvm = 17 where id = 1120438;
A98: =CONCATENATE(D98,F98) -> KambwalaComo | B98: =CONCATENATE(D98," ",E98,F98) -> Kambwala W.Como | C98: 1118863 | D98: Kambwala | E98: W. | F98: Como | G98: D | H98: 6 | I98: 14 | J98: =VLOOKUP(A98,'Leghe Fantacalcio'!A:I,1,FALSE) -> KambwalaComo | K98: =VLOOKUP(B98,'Leghe Fantacalcio'!A:I,1,FALSE) -> #N/A | L98: =IF(ISNA(VLOOKUP(A98,'Leghe Fantacalcio'!A:I,2,FALSE)),"",VLOOKUP(A98,'Leghe Fantacalcio'!A:I,2,FALSE)) -> 6601 | M98: =IF(ISNA(VLOOKUP(B98,'Leghe Fantacalcio'!A:I,2,FALSE)),"",VLOOKUP(B98,'Leghe Fantacalcio'!A:I,2,FALSE)) | N98: =IFERROR(VALUE(CONCATENATE(L98,M98)),"") -> 6601 | O98: =IFERROR(VLOOKUP(N98,'Leghe Fantacalcio'!B:I,8,FALSE),0) -> 5 | P98: =CONCATENATE("update giocatori set fvm = ",O98," where id = ",C98,";") -> update giocatori set fvm = 5 where id = 1118863;
A99: =CONCATENATE(D99,F99) -> KeanComo | B99: =CONCATENATE(D99," ",E99,F99) -> Kean M.Como | C99: 1061229 | D99: Kean | E99: M. | F99: Como | G99: A | H99: 6 | I99: 45 | J99: =VLOOKUP(A99,'Leghe Fantacalcio'!A:I,1,FALSE) -> KeanComo | K99: =VLOOKUP(B99,'Leghe Fantacalcio'!A:I,1,FALSE) -> #N/A | L99: =IF(ISNA(VLOOKUP(A99,'Leghe Fantacalcio'!A:I,2,FALSE)),"",VLOOKUP(A99,'Leghe Fantacalcio'!A:I,2,FALSE)) -> 2097 | M99: =IF(ISNA(VLOOKUP(B99,'Leghe Fantacalcio'!A:I,2,FALSE)),"",VLOOKUP(B99,'Leghe Fantacalcio'!A:I,2,FALSE)) | N99: =IFERROR(VALUE(CONCATENATE(L99,M99)),"") -> 2097 | O99: =IFERROR(VLOOKUP(N99,'Leghe Fantacalcio'!B:I,8,FALSE),0) -> 138 | P99: =CONCATENATE("update giocatori set fvm = ",O99," where id = ",C99,";") -> update giocatori set fvm = 138 where id = 1061229;
A100: =CONCATENATE(D100,F100) -> KempfComo | B100: =CONCATENATE(D100," ",E100,F100) -> Kempf M.Como | C100: 1095128 | D100: Kempf | E100: M. | F100: Como | G100: D | H100: 6 | I100: 15 | J100: =VLOOKUP(A100,'Leghe Fantacalcio'!A:I,1,FALSE) -> KempfComo | K100: =VLOOKUP(B100,'Leghe Fantacalcio'!A:I,1,FALSE) -> #N/A | L100: =IF(ISNA(VLOOKUP(A100,'Leghe Fantacalcio'!A:I,2,FALSE)),"",VLOOKUP(A100,'Leghe Fantacalcio'!A:I,2,FALSE)) -> 6893 | M100: =IF(ISNA(VLOOKUP(B100,'Leghe Fantacalcio'!A:I,2,FALSE)),"",VLOOKUP(B100,'Leghe Fantacalcio'!A:I,2,FALSE)) | N100: =IFERROR(VALUE(CONCATENATE(L100,M100)),"") -> 6893 | O100: =IFERROR(VLOOKUP(N100,'Leghe Fantacalcio'!B:I,8,FALSE),0) -> 11 | P100: =CONCATENATE("update giocatori set fvm = ",O100," where id = ",C100,";") -> update giocatori set fvm = 11 where id = 1095128;
A101: =CONCATENATE(D101,F101) -> LahdoComo | B101: =CONCATENATE(D101," ",E101,F101) -> Lahdo A.Como | C101: 1120325 | D101: Lahdo | E101: A. | F101: Como | G101: C | H101: 6 | I101: 1 | J101: =VLOOKUP(A101,'Leghe Fantacalcio'!A:I,1,FALSE) -> LahdoComo | K101: =VLOOKUP(B101,'Leghe Fantacalcio'!A:I,1,FALSE) -> #N/A | L101: =IF(ISNA(VLOOKUP(A101,'Leghe Fantacalcio'!A:I,2,FALSE)),"",VLOOKUP(A101,'Leghe Fantacalcio'!A:I,2,FALSE)) -> 7357 | M101: =IF(ISNA(VLOOKUP(B101,'Leghe Fantacalcio'!A:I,2,FALSE)),"",VLOOKUP(B101,'Leghe Fantacalcio'!A:I,2,FALSE)) | N101: =IFERROR(VALUE(CONCATENATE(L101,M101)),"") -> 7357 | O101: =IFERROR(VLOOKUP(N101,'Leghe Fantacalcio'!B:I,8,FALSE),0) -> 1 | P101: =CONCATENATE("update giocatori set fvm = ",O101," where id = ",C101,";") -> update giocatori set fvm = 1 where id = 1120325;
A102: =CONCATENATE(D102,F102) -> LiberaliComo | B102: =CONCATENATE(D102," ",E102,F102) -> Liberali M.Como | C102: 1119755 | D102: Liberali | E102: M. | F102: Como | G102: C | H102: 6 | I102: 14 | J102: =VLOOKUP(A102,'Leghe Fantacalcio'!A:I,1,FALSE) -> LiberaliComo | K102: =VLOOKUP(B102,'Leghe Fantacalcio'!A:I,1,FALSE) -> #N/A | L102: =IF(ISNA(VLOOKUP(A102,'Leghe Fantacalcio'!A:I,2,FALSE)),"",VLOOKUP(A102,'Leghe Fantacalcio'!A:I,2,FALSE)) -> 6678 | M102: =IF(ISNA(VLOOKUP(B102,'Leghe Fantacalcio'!A:I,2,FALSE)),"",VLOOKUP(B102,'Leghe Fantacalcio'!A:I,2,FALSE)) | N102: =IFERROR(VALUE(CONCATENATE(L102,M102)),"") -> 6678 | O102: =IFERROR(VLOOKUP(N102,'Leghe Fantacalcio'!B:I,8,FALSE),0) -> 10 | P102: =CONCATENATE("update giocatori set fvm = ",O102," where id = ",C102,";") -> update giocatori set fvm = 10 where id = 1119755;
A103: =CONCATENATE(D103,F103) -> MillaComo | B103: =CONCATENATE(D103," ",E103,F103) -> Milla Como | C103: 1094684 | D103: Milla | F103: Como | G103: C | H103: 6 | I103: 18 | J103: =VLOOKUP(A103,'Leghe Fantacalcio'!A:I,1,FALSE) -> MillaComo | K103: =VLOOKUP(B103,'Leghe Fantacalcio'!A:I,1,FALSE) -> #N/A | L103: =IF(ISNA(VLOOKUP(A103,'Leghe Fantacalcio'!A:I,2,FALSE)),"",VLOOKUP(A103,'Leghe Fantacalcio'!A:I,2,FALSE)) -> 7412 | M103: =IF(ISNA(VLOOKUP(B103,'Leghe Fantacalcio'!A:I,2,FALSE)),"",VLOOKUP(B103,'Leghe Fantacalcio'!A:I,2,FALSE)) | N103: =IFERROR(VALUE(CONCATENATE(L103,M103)),"") -> 7412 | O103: =IFERROR(VLOOKUP(N103,'Leghe Fantacalcio'!B:I,8,FALSE),0) -> 26 | P103: =CONCATENATE("update giocatori set fvm = ",O103," where id = ",C103,";") -> update giocatori set fvm = 26 where id = 1094684;
A104: =CONCATENATE(D104,F104) -> PazComo | B104: =CONCATENATE(D104," ",E104,F104) -> Paz N.Como | C104: 1116105 | D104: Paz | E104: N. | F104: Como | G104: C | H104: 6 | I104: 42 | J104: =VLOOKUP(A104,'Leghe Fantacalcio'!A:I,1,FALSE) -> #N/A | K104: =VLOOKUP(B104,'Leghe Fantacalcio'!A:I,1,FALSE) -> Paz N.Como | L104: =IF(ISNA(VLOOKUP(A104,'Leghe Fantacalcio'!A:I,2,FALSE)),"",VLOOKUP(A104,'Leghe Fantacalcio'!A:I,2,FALSE)) | M104: =IF(ISNA(VLOOKUP(B104,'Leghe Fantacalcio'!A:I,2,FALSE)),"",VLOOKUP(B104,'Leghe Fantacalcio'!A:I,2,FALSE)) -> 6875 | N104: =IFERROR(VALUE(CONCATENATE(L104,M104)),"") -> 6875 | O104: =IFERROR(VLOOKUP(N104,'Leghe Fantacalcio'!B:I,8,FALSE),0) -> 248 | P104: =CONCATENATE("update giocatori set fvm = ",O104," where id = ",C104,";") -> update giocatori set fvm = 248 where id = 1116105;
A105: =CONCATENATE(D105,F105) -> PerroneComo | B105: =CONCATENATE(D105," ",E105,F105) -> Perrone M.Como | C105: 1116309 | D105: Perrone | E105: M. | F105: Como | G105: C | H105: 6 | I105: 29 | J105: =VLOOKUP(A105,'Leghe Fantacalcio'!A:I,1,FALSE) -> PerroneComo | K105: =VLOOKUP(B105,'Leghe Fantacalcio'!A:I,1,FALSE) -> #N/A | L105: =IF(ISNA(VLOOKUP(A105,'Leghe Fantacalcio'!A:I,2,FALSE)),"",VLOOKUP(A105,'Leghe Fantacalcio'!A:I,2,FALSE)) -> 6151 | M105: =IF(ISNA(VLOOKUP(B105,'Leghe Fantacalcio'!A:I,2,FALSE)),"",VLOOKUP(B105,'Leghe Fantacalcio'!A:I,2,FALSE)) | N105: =IFERROR(VALUE(CONCATENATE(L105,M105)),"") -> 6151 | O105: =IFERROR(VLOOKUP(N105,'Leghe Fantacalcio'!B:I,8,FALSE),0) -> 32 | P105: =CONCATENATE("update giocatori set fvm = ",O105," where id = ",C105,";") -> update giocatori set fvm = 32 where id = 1116309;
A106: =CONCATENATE(D106,F106) -> RicciComo | B106: =CONCATENATE(D106," ",E106,F106) -> Ricci S.Como | C106: 1069264 | D106: Ricci | E106: S. | F106: Como | G106: C | H106: 6 | I106: 18 | J106: =VLOOKUP(A106,'Leghe Fantacalcio'!A:I,1,FALSE) -> #N/A | K106: =VLOOKUP(B106,'Leghe Fantacalcio'!A:I,1,FALSE) -> Ricci S.Como | L106: =IF(ISNA(VLOOKUP(A106,'Leghe Fantacalcio'!A:I,2,FALSE)),"",VLOOKUP(A106,'Leghe Fantacalcio'!A:I,2,FALSE)) | M106: =IF(ISNA(VLOOKUP(B106,'Leghe Fantacalcio'!A:I,2,FALSE)),"",VLOOKUP(B106,'Leghe Fantacalcio'!A:I,2,FALSE)) -> 5453 | N106: =IFERROR(VALUE(CONCATENATE(L106,M106)),"") -> 5453 | O106: =IFERROR(VLOOKUP(N106,'Leghe Fantacalcio'!B:I,8,FALSE),0) -> 12 | P106: =CONCATENATE("update giocatori set fvm = ",O106," where id = ",C106,";") -> update giocatori set fvm = 12 where id = 1069264;
A107: =CONCATENATE(D107,F107) -> Robert SanchezComo | B107: =CONCATENATE(D107," ",E107,F107) -> Robert Sanchez Como | C107: 1094809 | D107: Robert Sanchez | F107: Como | G107: P | H107: 6 | I107: 2 | J107: =VLOOKUP(A107,'Leghe Fantacalcio'!A:I,1,FALSE) -> #N/A | K107: =VLOOKUP(B107,'Leghe Fantacalcio'!A:I,1,FALSE) -> #N/A | L107: =IF(ISNA(VLOOKUP(A107,'Leghe Fantacalcio'!A:I,2,FALSE)),"",VLOOKUP(A107,'Leghe Fantacalcio'!A:I,2,FALSE)) | M107: =IF(ISNA(VLOOKUP(B107,'Leghe Fantacalcio'!A:I,2,FALSE)),"",VLOOKUP(B107,'Leghe Fantacalcio'!A:I,2,FALSE)) | N107: =IFERROR(VALUE(CONCATENATE(L107,M107)),"") | O107: =IFERROR(VLOOKUP(N107,'Leghe Fantacalcio'!B:I,8,FALSE),0) -> 0 | P107: =CONCATENATE("update giocatori set fvm = ",O107," where id = ",C107,";") -> update giocatori set fvm = 0 where id = 1094809;
A108: =CONCATENATE(D108,F108) -> SmolcicComo | B108: =CONCATENATE(D108," ",E108,F108) -> Smolcic I.Como | C108: 1119841 | D108: Smolcic | E108: I. | F108: Como | G108: D | H108: 6 | I108: 9 | J108: =VLOOKUP(A108,'Leghe Fantacalcio'!A:I,1,FALSE) -> #N/A | K108: =VLOOKUP(B108,'Leghe Fantacalcio'!A:I,1,FALSE) -> Smolcic I.Como | L108: =IF(ISNA(VLOOKUP(A108,'Leghe Fantacalcio'!A:I,2,FALSE)),"",VLOOKUP(A108,'Leghe Fantacalcio'!A:I,2,FALSE)) | M108: =IF(ISNA(VLOOKUP(B108,'Leghe Fantacalcio'!A:I,2,FALSE)),"",VLOOKUP(B108,'Leghe Fantacalcio'!A:I,2,FALSE)) -> 7014 | N108: =IFERROR(VALUE(CONCATENATE(L108,M108)),"") -> 7014 | O108: =IFERROR(VLOOKUP(N108,'Leghe Fantacalcio'!B:I,8,FALSE),0) -> 10 | P108: =CONCATENATE("update giocatori set fvm = ",O108," where id = ",C108,";") -> update giocatori set fvm = 10 where id = 1119841;
A109: =CONCATENATE(D109,F109) -> VigoritoComo | B109: =CONCATENATE(D109," ",E109,F109) -> Vigorito M.Como | C109: 1026272 | D109: Vigorito | E109: M. | F109: Como | G109: P | H109: 6 | I109: 1 | J109: =VLOOKUP(A109,'Leghe Fantacalcio'!A:I,1,FALSE) -> VigoritoComo | K109: =VLOOKUP(B109,'Leghe Fantacalcio'!A:I,1,FALSE) -> #N/A | L109: =IF(ISNA(VLOOKUP(A109,'Leghe Fantacalcio'!A:I,2,FALSE)),"",VLOOKUP(A109,'Leghe Fantacalcio'!A:I,2,FALSE)) -> 2809 | M109: =IF(ISNA(VLOOKUP(B109,'Leghe Fantacalcio'!A:I,2,FALSE)),"",VLOOKUP(B109,'Leghe Fantacalcio'!A:I,2,FALSE)) | N109: =IFERROR(VALUE(CONCATENATE(L109,M109)),"") -> 2809 | O109: =IFERROR(VLOOKUP(N109,'Leghe Fantacalcio'!B:I,8,FALSE),0) -> 1 | P109: =CONCATENATE("update giocatori set fvm = ",O109," where id = ",C109,";") -> update giocatori set fvm = 1 where id = 1026272;
A110: =CONCATENATE(D110,F110) -> CoutoComo | B110: =CONCATENATE(D110," ",E110,F110) -> Couto Como | C110: 1094914 | D110: Couto | F110: Como | G110: D | H110: 6 | I110: 10 | J110: =VLOOKUP(A110,'Leghe Fantacalcio'!A:I,1,FALSE) -> CoutoComo | K110: =VLOOKUP(B110,'Leghe Fantacalcio'!A:I,1,FALSE) -> #N/A | L110: =IF(ISNA(VLOOKUP(A110,'Leghe Fantacalcio'!A:I,2,FALSE)),"",VLOOKUP(A110,'Leghe Fantacalcio'!A:I,2,FALSE)) -> 6727 | M110: =IF(ISNA(VLOOKUP(B110,'Leghe Fantacalcio'!A:I,2,FALSE)),"",VLOOKUP(B110,'Leghe Fantacalcio'!A:I,2,FALSE)) | N110: =IFERROR(VALUE(CONCATENATE(L110,M110)),"") -> 6727 | O110: =IFERROR(VLOOKUP(N110,'Leghe Fantacalcio'!B:I,8,FALSE),0) -> 29 | P110: =CONCATENATE("update giocatori set fvm = ",O110," where id = ",C110,";") -> update giocatori set fvm = 29 where id = 1094914;
A111: =CONCATENATE(D111,F111) -> Jimenez A.Fiorentina | B111: =CONCATENATE(D111," ",E111,F111) -> Jimenez A. Fiorentina | C111: 1118586 | D111: Jimenez A. | F111: Fiorentina | G111: D | H111: 6 | I111: 14 | J111: =VLOOKUP(A111,'Leghe Fantacalcio'!A:I,1,FALSE) -> Jimenez A.Fiorentina | K111: =VLOOKUP(B111,'Leghe Fantacalcio'!A:I,1,FALSE) -> #N/A | L111: =IF(ISNA(VLOOKUP(A111,'Leghe Fantacalcio'!A:I,2,FALSE)),"",VLOOKUP(A111,'Leghe Fantacalcio'!A:I,2,FALSE)) -> 6531 | M111: =IF(ISNA(VLOOKUP(B111,'Leghe Fantacalcio'!A:I,2,FALSE)),"",VLOOKUP(B111,'Leghe Fantacalcio'!A:I,2,FALSE)) | N111: =IFERROR(VALUE(CONCATENATE(L111,M111)),"") -> 6531 | O111: =IFERROR(VLOOKUP(N111,'Leghe Fantacalcio'!B:I,8,FALSE),0) -> 30 | P111: =CONCATENATE("update giocatori set fvm = ",O111," where id = ",C111,";") -> update giocatori set fvm = 30 where id = 1118586;
A112: =CONCATENATE(D112,F112) -> AttaFiorentina | B112: =CONCATENATE(D112," ",E112,F112) -> Atta A.Fiorentina | C112: 1117169 | D112: Atta | E112: A. | F112: Fiorentina | G112: C | H112: 6 | I112: 26 | J112: =VLOOKUP(A112,'Leghe Fantacalcio'!A:I,1,FALSE) -> AttaFiorentina | K112: =VLOOKUP(B112,'Leghe Fantacalcio'!A:I,1,FALSE) -> #N/A | L112: =IF(ISNA(VLOOKUP(A112,'Leghe Fantacalcio'!A:I,2,FALSE)),"",VLOOKUP(A112,'Leghe Fantacalcio'!A:I,2,FALSE)) -> 6908 | M112: =IF(ISNA(VLOOKUP(B112,'Leghe Fantacalcio'!A:I,2,FALSE)),"",VLOOKUP(B112,'Leghe Fantacalcio'!A:I,2,FALSE)) | N112: =IFERROR(VALUE(CONCATENATE(L112,M112)),"") -> 6908 | O112: =IFERROR(VLOOKUP(N112,'Leghe Fantacalcio'!B:I,8,FALSE),0) -> 63 | P112: =CONCATENATE("update giocatori set fvm = ",O112," where id = ",C112,";") -> update giocatori set fvm = 63 where id = 1117169;
A113: =CONCATENATE(D113,F113) -> BetoFiorentina | B113: =CONCATENATE(D113," ",E113,F113) -> Beto Fiorentina | C113: 1111387 | D113: Beto | F113: Fiorentina | G113: A | H113: 6 | I113: 41 | J113: =VLOOKUP(A113,'Leghe Fantacalcio'!A:I,1,FALSE) -> BetoFiorentina | K113: =VLOOKUP(B113,'Leghe Fantacalcio'!A:I,1,FALSE) -> #N/A | L113: =IF(ISNA(VLOOKUP(A113,'Leghe Fantacalcio'!A:I,2,FALSE)),"",VLOOKUP(A113,'Leghe Fantacalcio'!A:I,2,FALSE)) -> 5694 | M113: =IF(ISNA(VLOOKUP(B113,'Leghe Fantacalcio'!A:I,2,FALSE)),"",VLOOKUP(B113,'Leghe Fantacalcio'!A:I,2,FALSE)) | N113: =IFERROR(VALUE(CONCATENATE(L113,M113)),"") -> 5694 | O113: =IFERROR(VLOOKUP(N113,'Leghe Fantacalcio'!B:I,8,FALSE),0) -> 49 | P113: =CONCATENATE("update giocatori set fvm = ",O113," where id = ",C113,";") -> update giocatori set fvm = 49 where id = 1111387;
A114: =CONCATENATE(D114,F114) -> BrescianiniFiorentina | B114: =CONCATENATE(D114," ",E114,F114) -> Brescianini M.Fiorentina | C114: 1067761 | D114: Brescianini | E114: M. | F114: Fiorentina | G114: C | H114: 6 | I114: 16 | J114: =VLOOKUP(A114,'Leghe Fantacalcio'!A:I,1,FALSE) -> BrescianiniFiorentina | K114: =VLOOKUP(B114,'Leghe Fantacalcio'!A:I,1,FALSE) -> #N/A | L114: =IF(ISNA(VLOOKUP(A114,'Leghe Fantacalcio'!A:I,2,FALSE)),"",VLOOKUP(A114,'Leghe Fantacalcio'!A:I,2,FALSE)) -> 4947 | M114: =IF(ISNA(VLOOKUP(B114,'Leghe Fantacalcio'!A:I,2,FALSE)),"",VLOOKUP(B114,'Leghe Fantacalcio'!A:I,2,FALSE)) | N114: =IFERROR(VALUE(CONCATENATE(L114,M114)),"") -> 4947 | O114: =IFERROR(VLOOKUP(N114,'Leghe Fantacalcio'!B:I,8,FALSE),0) -> 8 | P114: =CONCATENATE("update giocatori set fvm = ",O114," where id = ",C114,";") -> update giocatori set fvm = 8 where id = 1067761;
A115: =CONCATENATE(D115,F115) -> ChristensenFiorentina | B115: =CONCATENATE(D115," ",E115,F115) -> Christensen O.Fiorentina | C115: 1110748 | D115: Christensen | E115: O. | F115: Fiorentina | G115: P | H115: 6 | I115: 1 | J115: =VLOOKUP(A115,'Leghe Fantacalcio'!A:I,1,FALSE) -> #N/A | K115: =VLOOKUP(B115,'Leghe Fantacalcio'!A:I,1,FALSE) -> Christensen O.Fiorentina | L115: =IF(ISNA(VLOOKUP(A115,'Leghe Fantacalcio'!A:I,2,FALSE)),"",VLOOKUP(A115,'Leghe Fantacalcio'!A:I,2,FALSE)) | M115: =IF(ISNA(VLOOKUP(B115,'Leghe Fantacalcio'!A:I,2,FALSE)),"",VLOOKUP(B115,'Leghe Fantacalcio'!A:I,2,FALSE)) -> 6403 | N115: =IFERROR(VALUE(CONCATENATE(L115,M115)),"") -> 6403 | O115: =IFERROR(VLOOKUP(N115,'Leghe Fantacalcio'!B:I,8,FALSE),0) -> 1 | P115: =CONCATENATE("update giocatori set fvm = ",O115," where id = ",C115,";") -> update giocatori set fvm = 1 where id = 1110748;
A116: =CONCATENATE(D116,F116) -> CrociFiorentina | B116: =CONCATENATE(D116," ",E116,F116) -> Croci F.Fiorentina | C116: 1120531 | D116: Croci | E116: F. | F116: Fiorentina | G116: A | H116: 6 | I116: 1 | J116: =VLOOKUP(A116,'Leghe Fantacalcio'!A:I,1,FALSE) -> #N/A | K116: =VLOOKUP(B116,'Leghe Fantacalcio'!A:I,1,FALSE) -> #N/A | L116: =IF(ISNA(VLOOKUP(A116,'Leghe Fantacalcio'!A:I,2,FALSE)),"",VLOOKUP(A116,'Leghe Fantacalcio'!A:I,2,FALSE)) | M116: =IF(ISNA(VLOOKUP(B116,'Leghe Fantacalcio'!A:I,2,FALSE)),"",VLOOKUP(B116,'Leghe Fantacalcio'!A:I,2,FALSE)) | N116: =IFERROR(VALUE(CONCATENATE(L116,M116)),"") | O116: =IFERROR(VLOOKUP(N116,'Leghe Fantacalcio'!B:I,8,FALSE),0) -> 0 | P116: =CONCATENATE("update giocatori set fvm = ",O116," where id = ",C116,";") -> update giocatori set fvm = 0 where id = 1120531;
A117: =CONCATENATE(D117,F117) -> De GeaFiorentina | B117: =CONCATENATE(D117," ",E117,F117) -> De Gea Fiorentina | C117: 1016631 | D117: De Gea | F117: Fiorentina | G117: P | H117: 6 | I117: 10 | J117: =VLOOKUP(A117,'Leghe Fantacalcio'!A:I,1,FALSE) -> De GeaFiorentina | K117: =VLOOKUP(B117,'Leghe Fantacalcio'!A:I,1,FALSE) -> #N/A | L117: =IF(ISNA(VLOOKUP(A117,'Leghe Fantacalcio'!A:I,2,FALSE)),"",VLOOKUP(A117,'Leghe Fantacalcio'!A:I,2,FALSE)) -> 2521 | M117: =IF(ISNA(VLOOKUP(B117,'Leghe Fantacalcio'!A:I,2,FALSE)),"",VLOOKUP(B117,'Leghe Fantacalcio'!A:I,2,FALSE)) | N117: =IFERROR(VALUE(CONCATENATE(L117,M117)),"") -> 2521 | O117: =IFERROR(VLOOKUP(N117,'Leghe Fantacalcio'!B:I,8,FALSE),0) -> 25 | P117: =CONCATENATE("update giocatori set fvm = ",O117," where id = ",C117,";") -> update giocatori set fvm = 25 where id = 1016631;
A118: =CONCATENATE(D118,F118) -> DodòFiorentina | B118: =CONCATENATE(D118," ",E118,F118) -> Dodò Fiorentina | C118: 1065906 | D118: Dodò | F118: Fiorentina | G118: D | H118: 6 | I118: 11 | J118: =VLOOKUP(A118,'Leghe Fantacalcio'!A:I,1,FALSE) -> DodòFiorentina | K118: =VLOOKUP(B118,'Leghe Fantacalcio'!A:I,1,FALSE) -> #N/A | L118: =IF(ISNA(VLOOKUP(A118,'Leghe Fantacalcio'!A:I,2,FALSE)),"",VLOOKUP(A118,'Leghe Fantacalcio'!A:I,2,FALSE)) -> 5885 | M118: =IF(ISNA(VLOOKUP(B118,'Leghe Fantacalcio'!A:I,2,FALSE)),"",VLOOKUP(B118,'Leghe Fantacalcio'!A:I,2,FALSE)) | N118: =IFERROR(VALUE(CONCATENATE(L118,M118)),"") -> 5885 | O118: =IFERROR(VLOOKUP(N118,'Leghe Fantacalcio'!B:I,8,FALSE),0) -> 8 | P118: =CONCATENATE("update giocatori set fvm = ",O118," where id = ",C118,";") -> update giocatori set fvm = 8 where id = 1065906;
A119: =CONCATENATE(D119,F119) -> DragusinFiorentina | B119: =CONCATENATE(D119," ",E119,F119) -> Dragusin R.Fiorentina | C119: 1102945 | D119: Dragusin | E119: R. | F119: Fiorentina | G119: D | H119: 6 | I119: 11 | J119: =VLOOKUP(A119,'Leghe Fantacalcio'!A:I,1,FALSE) -> DragusinFiorentina | K119: =VLOOKUP(B119,'Leghe Fantacalcio'!A:I,1,FALSE) -> #N/A | L119: =IF(ISNA(VLOOKUP(A119,'Leghe Fantacalcio'!A:I,2,FALSE)),"",VLOOKUP(A119,'Leghe Fantacalcio'!A:I,2,FALSE)) -> 5365 | M119: =IF(ISNA(VLOOKUP(B119,'Leghe Fantacalcio'!A:I,2,FALSE)),"",VLOOKUP(B119,'Leghe Fantacalcio'!A:I,2,FALSE)) | N119: =IFERROR(VALUE(CONCATENATE(L119,M119)),"") -> 5365 | O119: =IFERROR(VLOOKUP(N119,'Leghe Fantacalcio'!B:I,8,FALSE),0) -> 19 | P119: =CONCATENATE("update giocatori set fvm = ",O119," where id = ",C119,";") -> update giocatori set fvm = 19 where id = 1102945;
A120: =CONCATENATE(D120,F120) -> FagioliFiorentina | B120: =CONCATENATE(D120," ",E120,F120) -> Fagioli N.Fiorentina | C120: 1103752 | D120: Fagioli | E120: N. | F120: Fiorentina | G120: C | H120: 6 | I120: 25 | J120: =VLOOKUP(A120,'Leghe Fantacalcio'!A:I,1,FALSE) -> FagioliFiorentina | K120: =VLOOKUP(B120,'Leghe Fantacalcio'!A:I,1,FALSE) -> #N/A | L120: =IF(ISNA(VLOOKUP(A120,'Leghe Fantacalcio'!A:I,2,FALSE)),"",VLOOKUP(A120,'Leghe Fantacalcio'!A:I,2,FALSE)) -> 4465 | M120: =IF(ISNA(VLOOKUP(B120,'Leghe Fantacalcio'!A:I,2,FALSE)),"",VLOOKUP(B120,'Leghe Fantacalcio'!A:I,2,FALSE)) | N120: =IFERROR(VALUE(CONCATENATE(L120,M120)),"") -> 4465 | O120: =IFERROR(VLOOKUP(N120,'Leghe Fantacalcio'!B:I,8,FALSE),0) -> 22 | P120: =CONCATENATE("update giocatori set fvm = ",O120," where id = ",C120,";") -> update giocatori set fvm = 22 where id = 1103752;
A121: =CONCATENATE(D121,F121) -> GnontoFiorentina | B121: =CONCATENATE(D121," ",E121,F121) -> Gnonto W.Fiorentina | C121: 1113898 | D121: Gnonto | E121: W. | F121: Fiorentina | G121: A | H121: 6 | I121: 28 | J121: =VLOOKUP(A121,'Leghe Fantacalcio'!A:I,1,FALSE) -> GnontoFiorentina | K121: =VLOOKUP(B121,'Leghe Fantacalcio'!A:I,1,FALSE) -> #N/A | L121: =IF(ISNA(VLOOKUP(A121,'Leghe Fantacalcio'!A:I,2,FALSE)),"",VLOOKUP(A121,'Leghe Fantacalcio'!A:I,2,FALSE)) -> 7623 | M121: =IF(ISNA(VLOOKUP(B121,'Leghe Fantacalcio'!A:I,2,FALSE)),"",VLOOKUP(B121,'Leghe Fantacalcio'!A:I,2,FALSE)) | N121: =IFERROR(VALUE(CONCATENATE(L121,M121)),"") -> 7623 | O121: =IFERROR(VLOOKUP(N121,'Leghe Fantacalcio'!B:I,8,FALSE),0) -> 17 | P121: =CONCATENATE("update giocatori set fvm = ",O121," where id = ",C121,";") -> update giocatori set fvm = 17 where id = 1113898;
A122: =CONCATENATE(D122,F122) -> OulaiFiorentina | B122: =CONCATENATE(D122," ",E122,F122) -> Oulai C.Fiorentina | C122: 1120430 | D122: Oulai | E122: C. | F122: Fiorentina | G122: C | H122: 6 | I122: 15 | J122: =VLOOKUP(A122,'Leghe Fantacalcio'!A:I,1,FALSE) -> OulaiFiorentina | K122: =VLOOKUP(B122,'Leghe Fantacalcio'!A:I,1,FALSE) -> #N/A | L122: =IF(ISNA(VLOOKUP(A122,'Leghe Fantacalcio'!A:I,2,FALSE)),"",VLOOKUP(A122,'Leghe Fantacalcio'!A:I,2,FALSE)) -> 7464 | M122: =IF(ISNA(VLOOKUP(B122,'Leghe Fantacalcio'!A:I,2,FALSE)),"",VLOOKUP(B122,'Leghe Fantacalcio'!A:I,2,FALSE)) | N122: =IFERROR(VALUE(CONCATENATE(L122,M122)),"") -> 7464 | O122: =IFERROR(VLOOKUP(N122,'Leghe Fantacalcio'!B:I,8,FALSE),0) -> 16 | P122: =CONCATENATE("update giocatori set fvm = ",O122," where id = ",C122,";") -> update giocatori set fvm = 16 where id = 1120430;
A123: =CONCATENATE(D123,F123) -> Joao MarioFiorentina | B123: =CONCATENATE(D123," ",E123,F123) -> Joao Mario Fiorentina | C123: 1095701 | D123: Joao Mario | F123: Fiorentina | G123: D | H123: 6 | I123: 7 | J123: =VLOOKUP(A123,'Leghe Fantacalcio'!A:I,1,FALSE) -> Joao MarioFiorentina | K123: =VLOOKUP(B123,'Leghe Fantacalcio'!A:I,1,FALSE) -> #N/A | L123: =IF(ISNA(VLOOKUP(A123,'Leghe Fantacalcio'!A:I,2,FALSE)),"",VLOOKUP(A123,'Leghe Fantacalcio'!A:I,2,FALSE)) -> 7175 | M123: =IF(ISNA(VLOOKUP(B123,'Leghe Fantacalcio'!A:I,2,FALSE)),"",VLOOKUP(B123,'Leghe Fantacalcio'!A:I,2,FALSE)) | N123: =IFERROR(VALUE(CONCATENATE(L123,M123)),"") -> 7175 | O123: =IFERROR(VLOOKUP(N123,'Leghe Fantacalcio'!B:I,8,FALSE),0) -> 12 | P123: =CONCATENATE("update giocatori set fvm = ",O123," where id = ",C123,";") -> update giocatori set fvm = 12 where id = 1095701;
A124: =CONCATENATE(D124,F124) -> LezzeriniFiorentina | B124: =CONCATENATE(D124," ",E124,F124) -> Lezzerini L.Fiorentina | C124: 1043995 | D124: Lezzerini | E124: L. | F124: Fiorentina | G124: P | H124: 6 | I124: 1 | J124: =VLOOKUP(A124,'Leghe Fantacalcio'!A:I,1,FALSE) -> LezzeriniFiorentina | K124: =VLOOKUP(B124,'Leghe Fantacalcio'!A:I,1,FALSE) -> #N/A | L124: =IF(ISNA(VLOOKUP(A124,'Leghe Fantacalcio'!A:I,2,FALSE)),"",VLOOKUP(A124,'Leghe Fantacalcio'!A:I,2,FALSE)) -> 158 | M124: =IF(ISNA(VLOOKUP(B124,'Leghe Fantacalcio'!A:I,2,FALSE)),"",VLOOKUP(B124,'Leghe Fantacalcio'!A:I,2,FALSE)) | N124: =IFERROR(VALUE(CONCATENATE(L124,M124)),"") -> 158 | O124: =IFERROR(VLOOKUP(N124,'Leghe Fantacalcio'!B:I,8,FALSE),0) -> 1 | P124: =CONCATENATE("update giocatori set fvm = ",O124," where id = ",C124,";") -> update giocatori set fvm = 1 where id = 1043995;
A125: =CONCATENATE(D125,F125) -> MastantuonoFiorentina | B125: =CONCATENATE(D125," ",E125,F125) -> Mastantuono F.Fiorentina | C125: 1120530 | D125: Mastantuono | E125: F. | F125: Fiorentina | G125: C | H125: 6 | I125: 32 | J125: =VLOOKUP(A125,'Leghe Fantacalcio'!A:I,1,FALSE) -> MastantuonoFiorentina | K125: =VLOOKUP(B125,'Leghe Fantacalcio'!A:I,1,FALSE) -> #N/A | L125: =IF(ISNA(VLOOKUP(A125,'Leghe Fantacalcio'!A:I,2,FALSE)),"",VLOOKUP(A125,'Leghe Fantacalcio'!A:I,2,FALSE)) -> 7078 | M125: =IF(ISNA(VLOOKUP(B125,'Leghe Fantacalcio'!A:I,2,FALSE)),"",VLOOKUP(B125,'Leghe Fantacalcio'!A:I,2,FALSE)) | N125: =IFERROR(VALUE(CONCATENATE(L125,M125)),"") -> 7078 | O125: =IFERROR(VLOOKUP(N125,'Leghe Fantacalcio'!B:I,8,FALSE),0) -> 70 | P125: =CONCATENATE("update giocatori set fvm = ",O125," where id = ",C125,";") -> update giocatori set fvm = 70 where id = 1120530;
A126: =CONCATENATE(D126,F126) -> NdourFiorentina | B126: =CONCATENATE(D126," ",E126,F126) -> Ndour C.Fiorentina | C126: 1116582 | D126: Ndour | E126: C. | F126: Fiorentina | G126: C | H126: 6 | I126: 14 | J126: =VLOOKUP(A126,'Leghe Fantacalcio'!A:I,1,FALSE) -> NdourFiorentina | K126: =VLOOKUP(B126,'Leghe Fantacalcio'!A:I,1,FALSE) -> #N/A | L126: =IF(ISNA(VLOOKUP(A126,'Leghe Fantacalcio'!A:I,2,FALSE)),"",VLOOKUP(A126,'Leghe Fantacalcio'!A:I,2,FALSE)) -> 6294 | M126: =IF(ISNA(VLOOKUP(B126,'Leghe Fantacalcio'!A:I,2,FALSE)),"",VLOOKUP(B126,'Leghe Fantacalcio'!A:I,2,FALSE)) | N126: =IFERROR(VALUE(CONCATENATE(L126,M126)),"") -> 6294 | O126: =IFERROR(VLOOKUP(N126,'Leghe Fantacalcio'!B:I,8,FALSE),0) -> 20 | P126: =CONCATENATE("update giocatori set fvm = ",O126," where id = ",C126,";") -> update giocatori set fvm = 20 where id = 1116582;
A127: =CONCATENATE(D127,F127) -> NjieFiorentina | B127: =CONCATENATE(D127," ",E127,F127) -> Njie E.Fiorentina | C127: 1119063 | D127: Njie | E127: E. | F127: Fiorentina | G127: A | H127: 6 | I127: 20 | J127: =VLOOKUP(A127,'Leghe Fantacalcio'!A:I,1,FALSE) -> NjieFiorentina | K127: =VLOOKUP(B127,'Leghe Fantacalcio'!A:I,1,FALSE) -> #N/A | L127: =IF(ISNA(VLOOKUP(A127,'Leghe Fantacalcio'!A:I,2,FALSE)),"",VLOOKUP(A127,'Leghe Fantacalcio'!A:I,2,FALSE)) -> 6827 | M127: =IF(ISNA(VLOOKUP(B127,'Leghe Fantacalcio'!A:I,2,FALSE)),"",VLOOKUP(B127,'Leghe Fantacalcio'!A:I,2,FALSE)) | N127: =IFERROR(VALUE(CONCATENATE(L127,M127)),"") -> 6827 | O127: =IFERROR(VLOOKUP(N127,'Leghe Fantacalcio'!B:I,8,FALSE),0) -> 28 | P127: =CONCATENATE("update giocatori set fvm = ",O127," where id = ",C127,";") -> update giocatori set fvm = 28 where id = 1119063;
A128: =CONCATENATE(D128,F128) -> ParisiFiorentina | B128: =CONCATENATE(D128," ",E128,F128) -> Parisi F.Fiorentina | C128: 1102357 | D128: Parisi | E128: F. | F128: Fiorentina | G128: D | H128: 6 | I128: 8 | J128: =VLOOKUP(A128,'Leghe Fantacalcio'!A:I,1,FALSE) -> ParisiFiorentina | K128: =VLOOKUP(B128,'Leghe Fantacalcio'!A:I,1,FALSE) -> #N/A | L128: =IF(ISNA(VLOOKUP(A128,'Leghe Fantacalcio'!A:I,2,FALSE)),"",VLOOKUP(A128,'Leghe Fantacalcio'!A:I,2,FALSE)) -> 5449 | M128: =IF(ISNA(VLOOKUP(B128,'Leghe Fantacalcio'!A:I,2,FALSE)),"",VLOOKUP(B128,'Leghe Fantacalcio'!A:I,2,FALSE)) | N128: =IFERROR(VALUE(CONCATENATE(L128,M128)),"") -> 5449 | O128: =IFERROR(VLOOKUP(N128,'Leghe Fantacalcio'!B:I,8,FALSE),0) -> 10 | P128: =CONCATENATE("update giocatori set fvm = ",O128," where id = ",C128,";") -> update giocatori set fvm = 10 where id = 1102357;
A129: =CONCATENATE(D129,F129) -> PellegrinoFiorentina | B129: =CONCATENATE(D129," ",E129,F129) -> Pellegrino M.Fiorentina | C129: 1119848 | D129: Pellegrino | E129: M. | F129: Fiorentina | G129: A | H129: 6 | I129: 36 | J129: =VLOOKUP(A129,'Leghe Fantacalcio'!A:I,1,FALSE) -> #N/A | K129: =VLOOKUP(B129,'Leghe Fantacalcio'!A:I,1,FALSE) -> Pellegrino M.Fiorentina | L129: =IF(ISNA(VLOOKUP(A129,'Leghe Fantacalcio'!A:I,2,FALSE)),"",VLOOKUP(A129,'Leghe Fantacalcio'!A:I,2,FALSE)) | M129: =IF(ISNA(VLOOKUP(B129,'Leghe Fantacalcio'!A:I,2,FALSE)),"",VLOOKUP(B129,'Leghe Fantacalcio'!A:I,2,FALSE)) -> 7023 | N129: =IFERROR(VALUE(CONCATENATE(L129,M129)),"") -> 7023 | O129: =IFERROR(VLOOKUP(N129,'Leghe Fantacalcio'!B:I,8,FALSE),0) -> 51 | P129: =CONCATENATE("update giocatori set fvm = ",O129," where id = ",C129,";") -> update giocatori set fvm = 51 where id = 1119848;
A130: =CONCATENATE(D130,F130) -> PongracicFiorentina | B130: =CONCATENATE(D130," ",E130,F130) -> Pongracic M.Fiorentina | C130: 1063203 | D130: Pongracic | E130: M. | F130: Fiorentina | G130: D | H130: 6 | I130: 9 | J130: =VLOOKUP(A130,'Leghe Fantacalcio'!A:I,1,FALSE) -> PongracicFiorentina | K130: =VLOOKUP(B130,'Leghe Fantacalcio'!A:I,1,FALSE) -> #N/A | L130: =IF(ISNA(VLOOKUP(A130,'Leghe Fantacalcio'!A:I,2,FALSE)),"",VLOOKUP(A130,'Leghe Fantacalcio'!A:I,2,FALSE)) -> 5603 | M130: =IF(ISNA(VLOOKUP(B130,'Leghe Fantacalcio'!A:I,2,FALSE)),"",VLOOKUP(B130,'Leghe Fantacalcio'!A:I,2,FALSE)) | N130: =IFERROR(VALUE(CONCATENATE(L130,M130)),"") -> 5603 | O130: =IFERROR(VLOOKUP(N130,'Leghe Fantacalcio'!B:I,8,FALSE),0) -> 8 | P130: =CONCATENATE("update giocatori set fvm = ",O130," where id = ",C130,";") -> update giocatori set fvm = 8 where id = 1063203;
A131: =CONCATENATE(D131,F131) -> Goncalves P.Fiorentina | B131: =CONCATENATE(D131," ",E131,F131) -> Goncalves P. Fiorentina | C131: 1102205 | D131: Goncalves P. | F131: Fiorentina | G131: C | H131: 6 | I131: 25 | J131: =VLOOKUP(A131,'Leghe Fantacalcio'!A:I,1,FALSE) -> Goncalves P.Fiorentina | K131: =VLOOKUP(B131,'Leghe Fantacalcio'!A:I,1,FALSE) -> #N/A | L131: =IF(ISNA(VLOOKUP(A131,'Leghe Fantacalcio'!A:I,2,FALSE)),"",VLOOKUP(A131,'Leghe Fantacalcio'!A:I,2,FALSE)) -> 7625 | M131: =IF(ISNA(VLOOKUP(B131,'Leghe Fantacalcio'!A:I,2,FALSE)),"",VLOOKUP(B131,'Leghe Fantacalcio'!A:I,2,FALSE)) | N131: =IFERROR(VALUE(CONCATENATE(L131,M131)),"") -> 7625 | O131: =IFERROR(VLOOKUP(N131,'Leghe Fantacalcio'!B:I,8,FALSE),0) -> 37 | P131: =CONCATENATE("update giocatori set fvm = ",O131," where id = ",C131,";") -> update giocatori set fvm = 37 where id = 1102205;
A132: =CONCATENATE(D132,F132) -> RanieriFiorentina | B132: =CONCATENATE(D132," ",E132,F132) -> Ranieri L.Fiorentina | C132: 1064713 | D132: Ranieri | E132: L. | F132: Fiorentina | G132: D | H132: 6 | I132: 10 | J132: =VLOOKUP(A132,'Leghe Fantacalcio'!A:I,1,FALSE) -> #N/A | K132: =VLOOKUP(B132,'Leghe Fantacalcio'!A:I,1,FALSE) -> Ranieri L.Fiorentina | L132: =IF(ISNA(VLOOKUP(A132,'Leghe Fantacalcio'!A:I,2,FALSE)),"",VLOOKUP(A132,'Leghe Fantacalcio'!A:I,2,FALSE)) | M132: =IF(ISNA(VLOOKUP(B132,'Leghe Fantacalcio'!A:I,2,FALSE)),"",VLOOKUP(B132,'Leghe Fantacalcio'!A:I,2,FALSE)) -> 4378 | N132: =IFERROR(VALUE(CONCATENATE(L132,M132)),"") -> 4378 | O132: =IFERROR(VLOOKUP(N132,'Leghe Fantacalcio'!B:I,8,FALSE),0) -> 10 | P132: =CONCATENATE("update giocatori set fvm = ",O132," where id = ",C132,";") -> update giocatori set fvm = 10 where id = 1064713;
A133: =CONCATENATE(D133,F133) -> ValdepenasFiorentina | B133: =CONCATENATE(D133," ",E133,F133) -> Valdepenas Fiorentina | C133: 1120429 | D133: Valdepenas | F133: Fiorentina | G133: D | H133: 6 | I133: 8 | J133: =VLOOKUP(A133,'Leghe Fantacalcio'!A:I,1,FALSE) -> ValdepenasFiorentina | K133: =VLOOKUP(B133,'Leghe Fantacalcio'!A:I,1,FALSE) -> #N/A | L133: =IF(ISNA(VLOOKUP(A133,'Leghe Fantacalcio'!A:I,2,FALSE)),"",VLOOKUP(A133,'Leghe Fantacalcio'!A:I,2,FALSE)) -> 7294 | M133: =IF(ISNA(VLOOKUP(B133,'Leghe Fantacalcio'!A:I,2,FALSE)),"",VLOOKUP(B133,'Leghe Fantacalcio'!A:I,2,FALSE)) | N133: =IFERROR(VALUE(CONCATENATE(L133,M133)),"") -> 7294 | O133: =IFERROR(VLOOKUP(N133,'Leghe Fantacalcio'!B:I,8,FALSE),0) -> 10 | P133: =CONCATENATE("update giocatori set fvm = ",O133," where id = ",C133,";") -> update giocatori set fvm = 10 where id = 1120429;
...

Sheet Leghe Fantacalcio
A1: NomeSquadra | B1: Id | C1: R | D1: Nome | E1: Squadra | F1: Qt.A | G1: Qt.I | H1: Diff. | I1: FVM | J1: Trovato
A2: =CONCATENATE(D2,E2) -> BellanovaAtalanta | B2: 4887 | C2: D | D2: Bellanova | E2: Atalanta | F2: 5 | G2: 6 | H2: -1 | I2: 16 | J2: =VLOOKUP(B2,'Quotazioni calciatori'!N:N,1,FALSE) -> 4887
A3: =CONCATENATE(D3,E3) -> BernasconiAtalanta | B3: 7219 | C3: D | D3: Bernasconi | E3: Atalanta | F3: 5 | G3: 6 | H3: -1 | I3: 14 | J3: =VLOOKUP(B3,'Quotazioni calciatori'!N:N,1,FALSE) -> 7219
A4: =CONCATENATE(D4,E4) -> CarnesecchiAtalanta | B4: 4431 | C4: P | D4: Carnesecchi | E4: Atalanta | F4: 16 | G4: 16 | H4: 0 | I4: 56 | J4: =VLOOKUP(B4,'Quotazioni calciatori'!N:N,1,FALSE) -> 4431
A5: =CONCATENATE(D5,E5) -> De KetelaereAtalanta | B5: 5995 | C5: A | D5: De Ketelaere | E5: Atalanta | F5: 15 | G5: 17 | H5: -2 | I5: 64 | J5: =VLOOKUP(B5,'Quotazioni calciatori'!N:N,1,FALSE) -> 5995
A6: =CONCATENATE(D6,E6) -> Ederson D.S.Atalanta | B6: 5792 | C6: C | D6: Ederson D.S. | E6: Atalanta | F6: 13 | G6: 12 | H6: 1 | I6: 45 | J6: =VLOOKUP(B6,'Quotazioni calciatori'!N:N,1,FALSE) -> 5792
A7: =CONCATENATE(D7,E7) -> ElmasAtalanta | B7: 4479 | C7: C | D7: Elmas | E7: Atalanta | F7: 6 | G7: 7 | H7: -1 | I7: 17 | J7: =VLOOKUP(B7,'Quotazioni calciatori'!N:N,1,FALSE) -> 4479
A8: =CONCATENATE(D8,E8) -> GaetanoAtalanta | B8: 4364 | C8: C | D8: Gaetano | E8: Atalanta | F8: 6 | G8: 7 | H8: -1 | I8: 23 | J8: =VLOOKUP(B8,'Quotazioni calciatori'!N:N,1,FALSE) -> 4364
A9: =CONCATENATE(D9,E9) -> HienAtalanta | B9: 6046 | C9: D | D9: Hien | E9: Atalanta | F9: 6 | G9: 8 | H9: -2 | I9: 10 | J9: =VLOOKUP(B9,'Quotazioni calciatori'!N:N,1,FALSE) -> 6046
A10: =CONCATENATE(D10,E10) -> KessièAtalanta | B10: 1850 | C10: C | D10: Kessiè | E10: Atalanta | F10: 11 | G10: 12 | H10: -1 | I10: 33 | J10: =VLOOKUP(B10,'Quotazioni calciatori'!N:N,1,FALSE) -> 1850
A11: =CONCATENATE(D11,E11) -> KolasinacAtalanta | B11: 2640 | C11: D | D11: Kolasinac | E11: Atalanta | F11: 6 | G11: 5 | H11: 1 | I11: 11 | J11: =VLOOKUP(B11,'Quotazioni calciatori'!N:N,1,FALSE) -> 2640
A12: =CONCATENATE(D12,E12) -> KossounouAtalanta | B12: 5578 | C12: D | D12: Kossounou | E12: Atalanta | F12: 3 | G12: 3 | H12: 0 | I12: 12 | J12: =VLOOKUP(B12,'Quotazioni calciatori'!N:N,1,FALSE) -> 5578
A13: =CONCATENATE(D13,E13) -> Kristensen T.Atalanta | B13: 6485 | C13: D | D13: Kristensen T. | E13: Atalanta | F13: 5 | G13: 7 | H13: -2 | I13: 14 | J13: =VLOOKUP(B13,'Quotazioni calciatori'!N:N,1,FALSE) -> 6485
... A535: =CONCATENATE(D535,E535) -> Yeboah J.Venezia | B535: 6904 | C535: A | D535: Yeboah J. | E535: Venezia | F535: 8 | G535: 8 | H535: 0 | I535: 27 | J535: =VLOOKUP(B535,'Quotazioni calciatori'!N:N,1,FALSE) -> 6904

Sheet Foglio1
A1: id fs | B1: nome fs | C1: sq | D1: id fg | E1: nome fg | F1: cambiare
A2: 118370 | B2: lucas perri | C2: Tor | D2: =VLOOKUP(1000000+A2,'Quotazioni calciatori'!C:N,12,FALSE) -> 6534 | E2: =VLOOKUP(D2,'Leghe Fantacalcio'!B:D,3,FALSE) -> Perri | F2: =EXACT(UPPER(B2),UPPER(E2)) -> FALSE | G2: =IF(F2,"",CONCATENATE("if (giocatore.getSquadra().equalsIgnoreCase(""",C2,""") && giocatore.getNomeFS().equalsIgnoreCase(""",B2,""")) giocatore.setNomeFSCambiato(""",E2,""");")) -> if (giocatore.getSquadra().equalsIgnoreCase("Tor") && giocatore.getNomeFS().equalsIgnoreCase("lucas perri")) giocatore.setNomeFSCambiato("Perri");
A3: 67789 | B3: bremer | C3: Juv | D3: =VLOOKUP(1000000+A3,'Quotazioni calciatori'!C:N,12,FALSE) -> 2788 | E3: =VLOOKUP(D3,'Leghe Fantacalcio'!B:D,3,FALSE) -> Bremer | F3: =EXACT(UPPER(B3),UPPER(E3)) -> TRUE | G3: =IF(F3,"",CONCATENATE("if (giocatore.getSquadra().equalsIgnoreCase(""",C3,""") && giocatore.getNomeFS().equalsIgnoreCase(""",B3,""")) giocatore.setNomeFSCambiato(""",E3,""");"))
A4: 49438 | B4: mancini | C4: Rom | D4: =VLOOKUP(1000000+A4,'Quotazioni calciatori'!C:N,12,FALSE) -> 2296 | E4: =VLOOKUP(D4,'Leghe Fantacalcio'!B:D,3,FALSE) -> Mancini | F4: =EXACT(UPPER(B4),UPPER(E4)) -> TRUE | G4: =IF(F4,"",CONCATENATE("if (giocatore.getSquadra().equalsIgnoreCase(""",C4,""") && giocatore.getNomeFS().equalsIgnoreCase(""",B4,""")) giocatore.setNomeFSCambiato(""",E4,""");"))
A5: 94914 | B5: yan couto | C5: Com | D5: =VLOOKUP(1000000+A5,'Quotazioni calciatori'!C:N,12,FALSE) -> 6727 | E5: =VLOOKUP(D5,'Leghe Fantacalcio'!B:D,3,FALSE) -> Couto | F5: =EXACT(UPPER(B5),UPPER(E5)) -> FALSE | G5: =IF(F5,"",CONCATENATE("if (giocatore.getSquadra().equalsIgnoreCase(""",C5,""") && giocatore.getNomeFS().equalsIgnoreCase(""",B5,""")) giocatore.setNomeFSCambiato(""",E5,""");")) -> if (giocatore.getSquadra().equalsIgnoreCase("Com") && giocatore.getNomeFS().equalsIgnoreCase("yan couto")) giocatore.setNomeFSCambiato("Couto");
A6: 102062 | B6: valeri | C6: Par | D6: =VLOOKUP(1000000+A6,'Quotazioni calciatori'!C:N,12,FALSE) -> 5862 | E6: =VLOOKUP(D6,'Leghe Fantacalcio'!B:D,3,FALSE) -> Valeri | F6: =EXACT(UPPER(B6),UPPER(E6)) -> TRUE | G6: =IF(F6,"",CONCATENATE("if (giocatore.getSquadra().equalsIgnoreCase(""",C6,""") && giocatore.getNomeFS().equalsIgnoreCase(""",B6,""")) giocatore.setNomeFSCambiato(""",E6,""");"))
A7: 104526 | B7: francisco conceicao | C7: Juv | D7: =VLOOKUP(1000000+A7,'Quotazioni calciatori'!C:N,12,FALSE) -> 6884 | E7: =VLOOKUP(D7,'Leghe Fantacalcio'!B:D,3,FALSE) -> Conceicao | F7: =EXACT(UPPER(B7),UPPER(E7)) -> FALSE | G7: =IF(F7,"",CONCATENATE("if (giocatore.getSquadra().equalsIgnoreCase(""",C7,""") && giocatore.getNomeFS().equalsIgnoreCase(""",B7,""")) giocatore.setNomeFSCambiato(""",E7,""");")) -> if (giocatore.getSquadra().equalsIgnoreCase("Juv") && giocatore.getNomeFS().equalsIgnoreCase("francisco conceicao")) giocatore.setNomeFSCambiato("Conceicao");
A8: 19157 | B8: de bruyne | C8: Nap | D8: =VLOOKUP(1000000+A8,'Quotazioni calciatori'!C:N,12,FALSE) -> 2517 | E8: =VLOOKUP(D8,'Leghe Fantacalcio'!B:D,3,FALSE) -> De Bruyne | F8: =EXACT(UPPER(B8),UPPER(E8)) -> TRUE | G8: =IF(F8,"",CONCATENATE("if (giocatore.getSquadra().equalsIgnoreCase(""",C8,""") && giocatore.getNomeFS().equalsIgnoreCase(""",B8,""")) giocatore.setNomeFSCambiato(""",E8,""");"))
A9: 112712 | B9: ederson | C9: Ata | D9: =VLOOKUP(1000000+A9,'Quotazioni calciatori'!C:N,12,FALSE) -> 5792 | E9: =VLOOKUP(D9,'Leghe Fantacalcio'!B:D,3,FALSE) -> Ederson D.S. | F9: =EXACT(UPPER(B9),UPPER(E9)) -> FALSE | G9: =IF(F9,"",CONCATENATE("if (giocatore.getSquadra().equalsIgnoreCase(""",C9,""") && giocatore.getNomeFS().equalsIgnoreCase(""",B9,""")) giocatore.setNomeFSCambiato(""",E9,""");")) -> if (giocatore.getSquadra().equalsIgnoreCase("Ata") && giocatore.getNomeFS().equalsIgnoreCase("ederson")) giocatore.setNomeFSCambiato("Ederson D.S.");
A10: 35059 | B10: berardi | C10: Sas | D10: =VLOOKUP(1000000+A10,'Quotazioni calciatori'!C:N,12,FALSE) -> 531 | E10: =VLOOKUP(D10,'Leghe Fantacalcio'!B:D,3,FALSE) -> Berardi | F10: =EXACT(UPPER(B10),UPPER(E10)) -> TRUE | G10: =IF(F10,"",CONCATENATE("if (giocatore.getSquadra().equalsIgnoreCase(""",C10,""") && giocatore.getNomeFS().equalsIgnoreCase(""",B10,""")) giocatore.setNomeFSCambiato(""",E10,""");"))
A11: 95769 | B11: krstovic | C11: Ata | D11: =VLOOKUP(1000000+A11,'Quotazioni calciatori'!C:N,12,FALSE) -> 6435 | E11: =VLOOKUP(D11,'Leghe Fantacalcio'!B:D,3,FALSE) -> Krstovic | F11: =EXACT(UPPER(B11),UPPER(E11)) -> TRUE | G11: =IF(F11,"",CONCATENATE("if (giocatore.getSquadra().equalsIgnoreCase(""",C11,""") && giocatore.getNomeFS().equalsIgnoreCase(""",B11,""")) giocatore.setNomeFSCambiato(""",E11,""");"))
A12: 95108 | B12: woltemade | C12: Juv | D12: =VLOOKUP(1000000+A12,'Quotazioni calciatori'!C:N,12,FALSE) -> 6752 | E12: =VLOOKUP(D12,'Leghe Fantacalcio'!B:D,3,FALSE) -> Woltemade | F12: =EXACT(UPPER(B12),UPPER(E12)) -> TRUE | G12: =IF(F12,"",CONCATENATE("if (giocatore.getSquadra().equalsIgnoreCase(""",C12,""") && giocatore.getNomeFS().equalsIgnoreCase(""",B12,""")) giocatore.setNomeFSCambiato(""",E12,""");"))
A13: 42646 | B13: maignan | C13: Mil | D13: =VLOOKUP(1000000+A13,'Quotazioni calciatori'!C:N,12,FALSE) -> 4312 | E13: =VLOOKUP(D13,'Leghe Fantacalcio'!B:D,3,FALSE) -> Maignan | F13: =EXACT(UPPER(B13),UPPER(E13)) -> TRUE | G13: =IF(F13,"",CONCATENATE("if (giocatore.getSquadra().equalsIgnoreCase(""",C13,""") && giocatore.getNomeFS().equalsIgnoreCase(""",B13,""")) giocatore.setNomeFSCambiato(""",E13,""");"))
... A198: 67777 | B198: martinez | C198: Int | D198: =VLOOKUP(1000000+A198,'Quotazioni calciatori'!C:N,12,FALSE) -> 2764 | E198: =VLOOKUP(D198,'Leghe Fantacalcio'!B:D,3,FALSE) -> Martinez L. | F198: =EXACT(UPPER(B198),UPPER(E198)) -> FALSE | G198: =IF(F198,"",CONCATENATE("if (giocatore.getSquadra().equalsIgnoreCase(""",C198,""") && giocatore.getNomeFS().equalsIgnoreCase(""",B198,""")) giocatore.setNomeFSCambiato(""",E198,""");")) -> if (giocatore.getSquadra().equalsIgnoreCase("Int") && giocatore.getNomeFS().equalsIgnoreCase("martinez")) giocatore.setNomeFSCambiato("Martinez L.");
